datetime,open,high,low,close,volume,변동 %
2017-12-07 0:00,2500.00,2500.00,2500.00,2500.00,-,0
2017-12-08 0:00,15420.00,15420.00,15420.00,15420.00,-,5.168
2017-12-09 0:00,16790.00,16790.00,16790.00,16790.00,-,0.0888
2017-12-10 0:00,17280.00,17280.00,17280.00,17280.00,-,0.0292
2017-12-11 0:00,17590.00,17590.00,17590.00,17590.00,-,0.0179
2017-12-12 0:00,16870.00,16870.00,16870.00,16870.00,-,-0.0409
2017-12-13 0:00,18100.00,18100.00,18100.00,18100.00,-,0.0729
2017-12-14 0:00,20650.00,20650.00,19315.00,19595.00,-,0.0826
2017-12-15 0:00,20650.00,20650.00,18345.00,19100.00,1.05K,-0.0253
2017-12-16 0:00,19135.00,19725.00,17180.00,18200.00,0.56K,-0.0471
2017-12-17 0:00,17745.00,18350.00,16435.00,17040.00,0.78K,-0.0637
2017-12-18 0:00,16400.00,17270.00,15080.00,15330.00,0.88K,-0.1004
2017-12-19 0:00,15595.00,15825.00,12265.00,14135.00,2.37K,-0.078
2017-12-20 0:00,13900.00,13900.00,13730.00,13760.00,-,-0.0265
2017-12-21 0:00,13900.00,16100.00,13700.00,15785.00,0.41K,0.1472
2017-12-22 0:00,15655.00,16545.00,14460.00,14690.00,0.51K,-0.0694
2017-12-23 0:00,15150.00,15280.00,13360.00,13745.00,0.75K,-0.0643
2017-12-24 0:00,13965.00,15005.00,13835.00,14470.00,1.08K,0.0527
2017-12-25 0:00,13955.00,13955.00,13490.00,13530.00,-,-0.065
2017-12-26 0:00,13955.00,15245.00,13080.00,14855.00,0.73K,0.0979
2017-12-27 0:00,14900.00,15450.00,14650.00,14975.00,0.72K,0.0081
2017-12-28 0:00,14925.00,15470.00,14205.00,14900.00,0.76K,-0.005
2017-12-29 0:00,15085.00,16845.00,14870.00,16590.00,0.81K,0.1134
2017-12-30 0:00,16425.00,16455.00,16215.00,16240.00,-,-0.0211
2017-12-31 0:00,16425.00,16455.00,13870.00,14905.00,0.96K,-0.0822
2018-01-01 0:00,14675.00,15365.00,14185.00,14750.00,0.86K,-0.0104
2018-01-02 0:00,14405.00,14720.00,13480.00,14450.00,0.89K,-0.0203
2018-01-03 0:00,14500.00,14910.00,12820.00,13385.00,1.30K,-0.0737
2018-01-04 0:00,13000.00,14080.00,12850.00,13945.00,0.79K,0.0418
2018-01-05 0:00,13600.00,13700.00,13600.00,13660.00,-,-0.0204
2018-01-06 0:00,13660.00,14280.00,13360.00,13490.00,-,-0.0124
2018-01-07 0:00,13600.00,14280.00,11160.00,11160.00,2.55K,-0.1727
2018-01-08 0:00,11190.00,11800.00,9225.00,10945.00,2.66K,-0.0193
2018-01-09 0:00,11125.00,12075.00,10645.00,11815.00,1.71K,0.0795
2018-01-10 0:00,11335.00,12030.00,10990.00,11360.00,0.98K,-0.0385
2018-01-11 0:00,11370.00,11480.00,11370.00,11395.00,-,0.0031
2018-01-12 0:00,11300.00,11830.00,9955.00,10355.00,1.14K,-0.0913
2018-01-13 0:00,10625.00,11350.00,9865.00,11095.00,1.24K,0.0715
2018-01-14 0:00,10790.00,11455.00,10435.00,11115.00,0.84K,0.0018
2018-01-15 0:00,11090.00,11710.00,10830.00,11245.00,0.77K,0.0117
2018-01-16 0:00,11105.00,11620.00,10250.00,10875.00,-,-0.0329
2018-01-17 0:00,11510.00,11725.00,11510.00,11715.00,-,0.0772
2018-01-18 0:00,11510.00,11775.00,10970.00,11170.00,0.46K,-0.0465
2018-01-19 0:00,11120.00,11245.00,9720.00,9940.00,1.14K,-0.1101
2018-01-20 0:00,10000.00,10275.00,9500.00,10000.00,0.84K,0.006
2018-01-21 0:00,10020.00,10175.00,8480.00,9090.00,1.49K,-0.091
2018-01-22 0:00,8890.00,9075.00,7750.00,8585.00,2.54K,-0.0556
2018-01-23 0:00,8590.00,8590.00,8140.00,8140.00,-,-0.0518
2018-01-24 0:00,8305.00,8315.00,6870.00,7260.00,2.19K,-0.1081
2018-01-25 0:00,6850.00,7920.00,5970.00,7550.00,2.23K,0.0399
2018-01-26 0:00,7620.00,8540.00,7235.00,8245.00,1.38K,0.0921
2018-01-27 0:00,7790.00,8690.00,7645.00,8325.00,0.91K,0.0097
2018-01-28 0:00,8165.00,8770.00,7715.00,8610.00,0.76K,0.0342
2018-01-29 0:00,8380.00,8380.00,8075.00,8100.00,-,-0.0592
2018-01-30 0:00,8380.00,8920.00,8075.00,8860.00,0.68K,0.0938
2018-01-31 0:00,8925.00,9000.00,8335.00,8700.00,0.55K,-0.0181
2018-02-01 0:00,8505.00,9390.00,8505.00,9290.00,0.94K,0.0678
2018-02-02 0:00,9400.00,10180.00,9375.00,10090.00,1.78K,0.0861
2018-02-03 0:00,10090.00,10265.00,9675.00,10020.00,1.10K,-0.0069
2018-02-04 0:00,10120.00,10500.00,10120.00,10380.00,-,0.0359
2018-02-05 0:00,10380.00,11255.00,10315.00,11180.00,-,0.0771
2018-02-06 0:00,10350.00,11760.00,10315.00,11735.00,2.08K,0.0496
2018-02-07 0:00,11240.00,11340.00,10220.00,10370.00,1.33K,-0.1163
2018-02-08 0:00,10505.00,10900.00,9710.00,10085.00,1.17K,-0.0275
2018-02-09 0:00,9975.00,10360.00,9590.00,10319.40,0.30K,0.0232
2018-02-10 0:00,9680.00,9685.00,9540.00,9540.00,-,-0.0755
2018-02-11 0:00,9680.00,10390.00,9270.00,10250.00,0.75K,0.0744
2018-02-12 0:00,10285.00,10875.00,10100.00,10660.00,0.76K,0.04
2018-02-13 0:00,10665.00,11005.00,10330.00,10645.00,1.13K,-0.0014
2018-02-14 0:00,10450.00,11100.00,10220.00,11065.00,1.35K,0.0395
2018-02-15 0:00,11035.00,11215.00,10760.00,11060.00,0.75K,-0.0005
2018-02-16 0:00,11345.00,11585.00,11345.00,11530.00,-,0.0425
2018-02-17 0:00,11350.00,11700.00,11340.00,11615.00,0.99K,0.0074
2018-02-18 0:00,11595.00,11655.00,10570.00,10650.00,1.58K,-0.0831
2018-02-19 0:00,10735.00,10880.00,9385.00,9790.00,1.89K,-0.0808
2018-02-20 0:00,9970.00,10100.00,9105.00,9400.00,2.52K,-0.0398
2018-02-21 0:00,9350.00,9445.00,8390.00,9015.00,2.74K,-0.041
2018-02-22 0:00,9490.00,9690.00,9480.00,9590.00,-,0.0638
2018-02-23 0:00,9490.00,9940.00,8735.00,8910.00,2.73K,-0.0709
2018-02-24 0:00,9165.00,9515.00,8825.00,9070.00,3.38K,0.018
2018-02-25 0:00,8905.00,9395.00,8185.00,8275.00,2.64K,-0.0877
2018-02-26 0:00,8005.00,8450.00,7700.00,8235.00,3.09K,-0.0048
2018-02-27 0:00,8340.00,8640.00,7885.00,8555.00,3.07K,0.0389
2018-02-28 0:00,8285.00,8285.00,8100.00,8190.00,-,-0.0427
2018-03-01 0:00,8275.00,8720.00,8100.00,8400.00,2.75K,0.0256
2018-03-02 0:00,8420.00,9025.00,8320.00,8945.00,2.05K,0.0649
2018-03-03 0:00,8990.00,9185.00,8775.00,8890.00,1.83K,-0.0061
2018-03-04 0:00,8905.00,9095.00,8500.00,8630.00,2.12K,-0.0292
2018-03-05 0:00,8650.00,8770.00,8270.00,8615.00,2.90K,-0.0017
2018-03-06 0:00,8650.00,8650.00,7840.00,7910.00,2.43K,-0.0818
2018-03-07 0:00,7880.00,8270.00,7760.00,7895.00,3.74K,-0.0019
2018-03-08 0:00,8010.00,8100.00,7735.00,7875.00,3.25K,-0.0025
2018-03-09 0:00,7885.00,7995.00,7345.00,7389.90,1.10K,-0.0616
2018-03-10 0:00,6905.00,6905.00,6775.00,6825.00,-,-0.0764
2018-03-11 0:00,6905.00,7150.00,6775.00,6990.00,3.54K,0.0242
2018-03-12 0:00,6975.00,7520.00,6965.00,7460.00,2.27K,0.0672
2018-03-13 0:00,7430.00,7440.00,6725.00,6860.00,2.95K,-0.0804
2018-03-14 0:00,6790.00,6925.00,6550.00,6760.00,4.57K,-0.0146
2018-03-15 0:00,6760.00,6890.00,6485.00,6630.00,2.42K,-0.0192
2018-03-16 0:00,7025.00,7095.00,7025.00,7075.00,-,0.0671
2018-03-17 0:00,7025.00,7225.00,6605.00,6675.00,3.35K,-0.0565
2018-03-18 0:00,6705.00,6880.00,6640.00,6840.00,1.88K,0.0247
2018-03-19 0:00,6860.00,6970.00,6785.00,6920.00,1.75K,0.0117
2018-03-20 0:00,6920.00,8105.00,6660.00,7680.00,4.83K,0.1098
2018-03-21 0:00,7790.00,8235.00,7760.00,8105.00,3.05K,0.0553
2018-03-22 0:00,8005.00,8400.00,8005.00,8370.00,-,0.0327
2018-03-23 0:00,8005.00,8445.00,7880.00,7980.00,3.86K,-0.0466
2018-03-24 0:00,8015.00,8180.00,7805.00,7885.00,2.68K,-0.0119
2018-03-25 0:00,7870.00,8240.00,7860.00,8125.00,2.83K,0.0304
2018-03-26 0:00,8190.00,8315.00,8100.00,8260.00,2.72K,0.0166
2018-03-27 0:00,8300.00,8585.00,8235.00,8540.00,2.32K,0.0339
2018-03-28 0:00,8910.00,9015.00,8775.00,8845.00,2.95K,0.0357
2018-03-29 0:00,8965.00,9465.00,8920.00,9455.00,4.68K,0.069
2018-03-30 0:00,9480.00,9765.00,8755.00,8970.00,10.35K,-0.0513
2018-03-31 0:00,9170.00,9185.00,8635.00,8865.00,4.92K,-0.0117
2018-04-01 0:00,9130.00,9375.00,9115.00,9231.10,0.91K,0.0413
2018-04-02 0:00,9375.00,9475.00,9375.00,9430.00,-,0.0215
2018-04-03 0:00,9375.00,9495.00,9140.00,9365.00,3.00K,-0.0069
2018-04-04 0:00,9285.00,9315.00,8815.00,8985.00,3.14K,-0.0406
2018-04-05 0:00,9070.00,9210.00,8985.00,9150.00,2.09K,0.0184
2018-04-06 0:00,9245.00,9805.00,9180.00,9675.00,4.18K,0.0574
2018-04-07 0:00,9710.00,9840.00,9540.00,9670.00,3.76K,-0.0005
2018-04-08 0:00,9605.00,9695.00,9540.00,9680.00,-,0.001
2018-04-09 0:00,9605.00,9705.00,9160.00,9435.00,4.71K,-0.0253
2018-04-10 0:00,9410.00,9490.00,9010.00,9235.00,4.44K,-0.0212
2018-04-11 0:00,9185.00,9375.00,8955.00,9280.00,3.02K,0.0049
2018-04-12 0:00,9255.00,9415.00,9040.00,9090.00,3.06K,-0.0205
2018-04-13 0:00,9110.00,9125.00,8380.00,8625.00,4.98K,-0.0512
2018-04-14 0:00,8660.00,8755.00,8660.00,8685.00,-,0.007
2018-04-15 0:00,8660.00,8900.00,8285.00,8755.00,5.75K,0.0081
2018-04-16 0:00,8735.00,8850.00,8435.00,8555.00,4.22K,-0.0228
2018-04-17 0:00,8475.00,8545.00,8115.00,8250.00,4.98K,-0.0357
2018-04-18 0:00,8290.00,8460.00,8115.00,8180.00,2.87K,-0.0085
2018-04-19 0:00,8225.00,8275.00,7915.00,8230.00,3.39K,0.0061
2018-04-20 0:00,8215.00,8680.00,8215.00,8520.00,-,0.0352
2018-04-21 0:00,8525.00,8680.00,8320.00,8375.00,2.70K,-0.017
2018-04-22 0:00,8345.00,8420.00,8070.00,8180.00,2.34K,-0.0233
2018-04-23 0:00,8050.00,8075.00,7425.00,7590.00,4.59K,-0.0721
2018-04-24 0:00,7620.00,7720.00,7230.00,7580.00,4.43K,-0.0013
2018-04-25 0:00,7315.40,7315.40,7315.40,7315.40,-,-0.0349
2018-04-26 0:00,7365.00,7400.00,7355.00,7375.00,-,0.0081
2018-04-27 0:00,7375.00,7450.00,7085.00,7100.00,-,-0.0373
2018-04-28 0:00,7365.00,7580.00,7050.00,7495.00,5.05K,0.0556
2018-04-29 0:00,7505.00,7620.00,7270.00,7320.00,2.47K,-0.0233
2018-04-30 0:00,7335.00,7660.00,7335.00,7545.00,2.10K,0.0307
2018-05-01 0:00,7550.00,7620.00,7300.00,7440.00,2.20K,-0.0139
2018-05-02 0:00,7735.00,7890.00,7715.00,7725.00,-,0.0383
2018-05-03 0:00,7715.00,7900.00,7460.00,7500.00,1.63K,-0.0291
2018-05-04 0:00,7515.00,7670.00,7360.00,7625.00,2.07K,0.0167
2018-05-05 0:00,7605.00,7695.00,7485.00,7540.00,1.45K,-0.0111
2018-05-06 0:00,7695.00,7780.00,7640.00,7705.00,1.44K,0.0219
2018-05-07 0:00,7670.00,7705.00,7540.00,7655.00,1.30K,-0.0065
2018-05-08 0:00,7120.00,7120.00,6650.00,6740.00,-,-0.1195
2018-05-09 0:00,7120.00,7120.00,6610.00,6750.00,3.86K,0.0015
2018-05-10 0:00,6770.00,6890.00,6425.00,6500.00,3.88K,-0.037
2018-05-11 0:00,6470.00,6620.00,6100.00,6270.00,5.15K,-0.0354
2018-05-12 0:00,6275.00,6705.00,6250.00,6635.00,4.46K,0.0582
2018-05-13 0:00,6670.00,6670.00,6440.00,6530.00,2.49K,-0.0158
2018-05-14 0:00,6495.00,6495.00,6400.00,6410.00,-,-0.0184
2018-05-15 0:00,6495.00,6785.00,6340.00,6695.00,2.79K,0.0445
2018-05-16 0:00,6710.00,6840.00,6650.00,6735.00,1.56K,0.006
2018-05-17 0:00,6705.00,6815.00,6545.00,6745.00,2.11K,0.0015
2018-05-18 0:00,6705.00,6780.00,6670.00,6710.00,1.14K,-0.0052
2018-05-19 0:00,6705.00,6735.00,5960.00,6165.00,3.83K,-0.0812
2018-05-20 0:00,6150.00,6155.00,6105.00,6155.00,-,-0.0016
2018-05-21 0:00,6150.00,6345.00,6065.00,6245.00,4.76K,0.0146
2018-05-22 0:00,6255.00,6275.00,6120.00,6160.00,3.17K,-0.0136
2018-05-23 0:00,6210.00,6210.00,5975.00,6160.00,3.23K,0
2018-05-24 0:00,6140.00,6180.00,6025.00,6085.00,1.96K,-0.0122
2018-05-25 0:00,5840.00,5930.00,5765.00,5885.00,-,-0.0329
2018-05-26 0:00,6275.00,6395.00,6275.00,6350.00,-,0.079
2018-05-27 0:00,6275.00,6680.00,6260.00,6625.00,3.98K,0.0433
2018-05-28 0:00,6645.00,6660.00,6530.00,6580.00,1.63K,-0.0068
2018-05-29 0:00,6490.00,6785.00,6400.00,6575.00,-,-0.0008
2018-05-30 0:00,6595.00,6795.00,6400.00,6505.00,6.74K,-0.0106
2018-05-31 0:00,6490.00,6640.00,6430.00,6565.00,2.04K,0.0092
2018-06-01 0:00,6745.00,6760.00,6670.00,6700.00,-,0.0206
2018-06-02 0:00,6745.00,6760.00,6645.00,6695.00,1.77K,-0.0007
2018-06-03 0:00,6695.00,6785.00,6295.00,6355.00,3.08K,-0.0508
2018-06-04 0:00,6355.00,6380.00,6245.00,6330.00,2.72K,-0.0039
2018-06-05 0:00,6355.00,6365.00,6110.00,6160.00,3.08K,-0.0269
2018-06-06 0:00,6160.00,6340.00,6060.00,6165.00,3.56K,0.0008
2018-06-07 0:00,6365.00,6375.00,6330.00,6340.00,-,0.0284
2018-06-08 0:00,6370.00,6710.00,6320.00,6675.00,3.17K,0.0528
2018-06-09 0:00,6665.00,7470.00,6655.00,7305.00,5.58K,0.0944
2018-06-10 0:00,7385.00,7595.00,7240.00,7395.00,6.96K,0.0123
2018-06-11 0:00,7325.00,7510.00,7275.00,7450.00,4.58K,0.0074
2018-06-12 0:00,7435.00,7700.00,7270.00,7340.00,6.98K,-0.0148
2018-06-13 0:00,7345.00,7390.00,7345.00,7390.00,-,0.0068
2018-06-14 0:00,7380.00,7820.00,7335.00,7735.00,8.55K,0.0467
2018-06-15 0:00,7740.00,8365.00,7680.00,8260.00,11.46K,0.0679
2018-06-16 0:00,8255.00,8490.00,8025.00,8145.00,11.55K,-0.0139
2018-06-17 0:00,8260.00,8310.00,8115.00,8275.00,6.29K,0.016
2018-06-18 0:00,7960.00,8030.00,7790.00,7960.00,0.96K,-0.0381
2018-06-19 0:00,8140.00,8255.00,8140.00,8195.00,-,0.0295
2018-06-20 0:00,8140.00,8265.00,7845.00,8100.00,8.14K,-0.0116
2018-06-21 0:00,8120.00,8200.00,7640.00,7730.00,9.42K,-0.0457
2018-06-22 0:00,7695.00,7760.00,7440.00,7545.00,9.13K,-0.0239
2018-06-23 0:00,7460.00,7700.00,7430.00,7525.00,5.55K,-0.0027
2018-06-24 0:00,7525.00,7560.00,7270.00,7370.00,5.70K,-0.0206
2018-06-25 0:00,7070.00,7070.00,7020.00,7025.00,-,-0.0468
2018-06-26 0:00,7080.00,7140.00,6870.00,6920.00,5.12K,-0.0149
2018-06-27 0:00,6845.00,7155.00,6825.00,6990.00,5.04K,0.0101
2018-06-28 0:00,6765.00,6785.00,6105.00,6330.00,8.10K,-0.0944
2018-06-29 0:00,6300.00,6545.00,6170.00,6460.00,6.83K,0.0205
2018-06-30 0:00,6555.00,6605.00,6105.00,6390.00,6.44K,-0.0108
2018-07-01 0:00,6405.00,6430.00,6290.00,6310.00,-,-0.0125
2018-07-02 0:00,6405.00,6555.00,6135.00,6230.00,7.80K,-0.0127
2018-07-03 0:00,6240.00,6280.00,5850.00,6075.00,6.90K,-0.0249
2018-07-04 0:00,6105.00,6600.00,6075.00,6375.00,6.99K,0.0494
2018-07-05 0:00,6400.00,6475.00,6185.00,6405.00,4.38K,0.0047
2018-07-06 0:00,6265.00,6545.00,6245.00,6480.00,4.29K,0.0117
2018-07-07 0:00,6480.00,6480.00,6465.00,6465.00,-,-0.0023
2018-07-08 0:00,6490.00,6515.00,6360.00,6430.00,2.38K,-0.0054
2018-07-09 0:00,6395.00,6470.00,6205.00,6425.00,3.32K,-0.0008
2018-07-10 0:00,6440.00,6870.00,6250.00,6405.00,5.38K,-0.0031
2018-07-11 0:00,6350.00,6465.00,6225.00,6405.00,3.55K,0
2018-07-12 0:00,6460.00,6640.00,6450.00,6615.00,2.66K,0.0328
2018-07-13 0:00,6655.00,6665.00,6655.00,6665.00,-,0.0076
2018-07-14 0:00,6655.00,6760.00,6650.00,6730.00,2.40K,0.0098
2018-07-15 0:00,6720.00,7125.00,6715.00,7090.00,5.22K,0.0535
2018-07-16 0:00,7100.00,7120.00,6890.00,7000.00,3.90K,-0.0127
2018-07-17 0:00,7045.00,7055.00,6795.00,6815.00,4.78K,-0.0264
2018-07-18 0:00,6980.00,7090.00,6870.00,7030.00,-,0.0315
2018-07-19 0:00,7275.00,7295.00,7240.00,7290.00,-,0.037
2018-07-20 0:00,7290.00,7325.00,7190.00,7260.00,-,-0.0041
2018-07-21 0:00,7260.00,7410.00,7190.00,7350.00,5.31K,0.0124
2018-07-22 0:00,7355.00,7395.00,6840.00,6900.00,4.59K,-0.0612
2018-07-23 0:00,6925.00,6925.00,6215.00,6430.00,5.80K,-0.0681
2018-07-24 0:00,6410.00,6505.00,6280.00,6390.00,2.48K,-0.0062
2018-07-25 0:00,6345.00,6350.00,6175.00,6220.00,-,-0.0266
2018-07-26 0:00,6340.00,6350.00,6175.00,6265.00,1.94K,0.0072
2018-07-27 0:00,6260.00,6385.00,6120.00,6230.00,1.86K,-0.0056
2018-07-28 0:00,6270.00,6335.00,6175.00,6290.00,1.58K,0.0096
2018-07-29 0:00,6295.00,6525.00,6295.00,6435.00,2.35K,0.0231
2018-07-30 0:00,6450.00,6575.00,6330.00,6525.00,2.09K,0.014
2018-07-31 0:00,6470.00,6495.00,6465.00,6495.00,-,-0.0046
2018-08-01 0:00,6470.00,6525.00,6165.00,6230.00,2.34K,-0.0408
2018-08-02 0:00,6210.00,6370.00,6180.00,6275.00,1.11K,0.0072
2018-08-03 0:00,6305.00,6535.00,6035.00,6375.00,3.04K,0.0159
2018-08-04 0:00,6365.00,6435.00,6310.00,6400.00,1.37K,0.0039
2018-08-05 0:00,6470.00,6775.00,6455.00,6740.00,3.63K,0.0531
2018-08-06 0:00,6680.00,6710.00,6680.00,6710.00,-,-0.0045
2018-08-07 0:00,6665.00,6720.00,6555.00,6610.00,2.08K,-0.0149
2018-08-08 0:00,6605.00,6605.00,6315.00,6355.00,3.39K,-0.0386
2018-08-09 0:00,6385.00,6535.00,6365.00,6485.00,3.38K,0.0205
2018-08-10 0:00,6460.00,6745.00,6415.00,6655.00,3.09K,0.0262
2018-08-11 0:00,6685.00,6795.00,6520.00,6615.00,-,-0.006
2018-08-12 0:00,6560.00,6605.00,6560.00,6590.00,-,-0.0038
2018-08-13 0:00,6560.00,6625.00,6455.00,6540.00,1.48K,-0.0076
2018-08-14 0:00,6550.00,6585.00,6435.00,6510.00,1.13K,-0.0046
2018-08-15 0:00,6510.00,6520.00,6345.00,6425.00,1.36K,-0.0131
2018-08-16 0:00,6415.00,6610.00,6405.00,6555.00,1.70K,0.0202
2018-08-17 0:00,6530.00,6580.00,6500.00,6530.00,0.93K,-0.0038
2018-08-18 0:00,6530.00,6590.00,6515.00,6560.00,-,0.0046
2018-08-19 0:00,6530.00,6675.00,6515.00,6630.00,1.78K,0.0107
2018-08-20 0:00,6620.00,6620.00,6535.00,6580.00,1.00K,-0.0075
2018-08-21 0:00,6580.00,6590.00,6450.00,6540.00,1.70K,-0.0061
2018-08-22 0:00,6515.00,6535.00,6030.00,6180.00,4.27K,-0.055
2018-08-23 0:00,6180.00,6225.00,6095.00,6185.00,1.91K,0.0008
2018-08-24 0:00,6165.00,6185.00,6110.00,6155.00,-,-0.0049
2018-08-25 0:00,6165.00,6770.00,6110.00,6390.00,6.70K,0.0382
2018-08-26 0:00,6390.00,6495.00,6380.00,6420.00,1.60K,0.0047
2018-08-27 0:00,6445.00,6480.00,6400.00,6420.00,1.19K,0
2018-08-28 0:00,6430.00,6480.00,6330.00,6390.00,2.76K,-0.0047
2018-08-29 0:00,6375.00,6405.00,6340.00,6380.00,1.11K,-0.0016
2018-08-30 0:00,6415.00,6445.00,6360.00,6395.00,1.75K,0.0024
2018-08-31 0:00,6400.00,6425.00,6350.00,6395.00,1.49K,0
2018-09-01 0:00,6395.00,6490.00,6380.00,6425.00,2.80K,0.0047
2018-09-02 0:00,6420.00,6420.00,6315.00,6405.00,2.49K,-0.0031
2018-09-03 0:00,6395.00,6455.00,6375.00,6391.70,0.73K,-0.0021
2018-09-04 0:00,6390.00,6420.00,6385.00,6395.00,-,0.0005
2018-09-05 0:00,6390.00,6440.00,6185.00,6240.00,3.90K,-0.0242
2018-09-06 0:00,6245.00,6290.00,6230.00,6245.00,1.99K,0.0008
2018-09-07 0:00,6255.00,6340.00,6170.00,6295.00,3.16K,0.008
2018-09-08 0:00,6295.00,6335.00,6290.00,6315.00,1.17K,0.0032
2018-09-09 0:00,6335.00,6375.00,6320.00,6345.00,1.65K,0.0048
2018-09-10 0:00,6335.00,6450.00,6335.00,6425.00,-,0.0126
2018-09-11 0:00,6400.00,6450.00,6365.00,6390.00,2.34K,-0.0054
2018-09-12 0:00,6395.00,6475.00,6385.00,6415.00,3.05K,0.0039
2018-09-13 0:00,6430.00,6545.00,6430.00,6510.00,4.26K,0.0148
2018-09-14 0:00,6510.00,6525.00,6370.00,6410.00,4.42K,-0.0154
2018-09-15 0:00,6400.00,6415.00,6240.00,6335.00,2.88K,-0.0117
2018-09-16 0:00,6295.00,6365.00,6295.00,6355.00,-,0.0032
2018-09-17 0:00,6290.00,6395.00,6290.00,6325.00,2.00K,-0.0047
2018-09-18 0:00,6315.00,6325.00,6225.00,6285.00,2.53K,-0.0063
2018-09-19 0:00,6290.00,6290.00,5230.00,5365.00,8.94K,-0.1464
2018-09-20 0:00,5510.00,5590.00,5155.00,5425.00,8.63K,0.0112
2018-09-21 0:00,5435.00,5550.00,5385.00,5450.00,3.42K,0.0046
2018-09-22 0:00,5500.00,5515.00,5475.00,5505.00,-,0.0101
2018-09-23 0:00,5500.00,5515.00,4560.00,4835.00,11.32K,-0.1217
2018-09-24 0:00,4740.00,4870.00,4015.00,4240.00,12.83K,-0.1231
2018-09-25 0:00,4230.00,4620.00,4165.00,4390.00,6.54K,0.0354
2018-09-26 0:00,4520.00,4565.00,4225.00,4250.00,-,-0.0319
2018-09-27 0:00,4435.00,4565.00,4085.00,4190.00,5.15K,-0.0141
2018-09-28 0:00,3975.00,3975.00,3895.00,3930.00,-,-0.0621
2018-09-29 0:00,3965.00,4055.00,3515.00,3605.00,8.90K,-0.0827
2018-09-30 0:00,3635.00,3790.00,3550.00,3720.00,6.13K,0.0319
2018-10-01 0:00,3790.00,4365.00,3750.00,4300.00,6.79K,0.1559
2018-10-02 0:00,4195.00,4400.00,4075.00,4180.00,5.11K,-0.0279
2018-10-03 0:00,4215.00,4280.00,3870.00,3953.00,0.72K,-0.0543
2018-10-04 0:00,4100.00,4130.00,4040.00,4065.00,-,0.0283
2018-10-05 0:00,4090.00,4130.00,3690.00,3800.00,3.38K,-0.0652
2018-10-06 0:00,3905.00,4015.00,3690.00,3840.00,3.06K,0.0105
2018-10-07 0:00,3950.00,3950.00,3590.00,3705.00,2.73K,-0.0352
2018-10-08 0:00,3670.00,3960.00,3360.00,3600.00,5.77K,-0.0283
2018-10-09 0:00,3575.00,3595.00,3135.00,3300.00,6.08K,-0.0833
2018-10-10 0:00,3495.00,3580.00,3330.00,3375.00,1.92K,0.0227
2018-10-11 0:00,3380.00,3405.00,3265.00,3320.00,1.99K,-0.0163
2018-10-12 0:00,3345.00,3470.00,3305.00,3420.00,2.67K,0.0301
2018-10-13 0:00,3395.00,3420.00,3190.00,3215.00,3.80K,-0.0599
2018-10-14 0:00,3235.00,3265.00,3120.00,3145.00,3.05K,-0.0218
2018-10-15 0:00,3185.00,3187.50,3165.00,3170.00,-,0.0079
2018-10-16 0:00,3180.00,3570.00,3165.00,3530.00,4.11K,0.1136
2018-10-17 0:00,3475.00,3560.00,3425.00,3495.00,3.42K,-0.0099
2018-10-18 0:00,3550.00,3890.00,3550.00,3695.00,5.00K,0.0572
2018-10-19 0:00,3675.00,4150.00,3635.00,3875.00,4.83K,0.0487
2018-10-20 0:00,4040.00,4135.00,3605.00,3775.00,5.62K,-0.0258
2018-10-21 0:00,3935.00,3937.50,3912.50,3925.00,-,0.0397
2018-10-22 0:00,3950.00,4265.00,3925.00,4070.00,2.42K,0.0369
2018-10-23 0:00,4070.00,4070.00,3417.50,3745.00,-,-0.0799
2018-10-24 0:00,3775.00,3850.00,3610.00,3760.00,2.75K,0.004
2018-10-25 0:00,3800.00,3840.00,3535.00,3565.00,3.40K,-0.0519
2018-10-26 0:00,3560.00,3800.00,3560.00,3708.60,0.64K,0.0403
2018-10-27 0:00,3805.00,3812.50,3777.50,3802.50,-,0.0253
2018-10-28 0:00,3800.00,3810.00,3600.00,3650.00,1.96K,-0.0401
2018-10-29 0:00,3650.00,3810.00,3605.00,3795.00,-,0.0397
2018-10-30 0:00,3720.00,3855.00,3685.00,3830.00,3.23K,0.0092
2018-10-31 0:00,3850.00,3870.00,3710.00,3760.00,3.62K,-0.0183
2018-11-01 0:00,3755.00,3875.00,3690.00,3745.00,3.92K,-0.004
2018-11-02 0:00,3800.00,4070.00,3800.00,4027.50,-,0.0754
2018-11-03 0:00,3990.00,4070.00,3945.00,3985.00,2.76K,-0.0106
2018-11-04 0:00,3980.00,4095.00,3925.00,3985.00,4.17K,0
2018-11-05 0:00,3990.00,4030.00,3950.00,3990.00,3.68K,0.0013
2018-11-06 0:00,3995.00,4020.00,3525.00,3605.00,5.74K,-0.0965
2018-11-07 0:00,3600.00,3685.00,3560.00,3635.00,4.22K,0.0083
2018-11-08 0:00,3485.00,3495.00,3447.50,3492.50,-,-0.0392
2018-11-09 0:00,3490.00,3700.00,3400.00,3650.00,4.39K,0.0451
2018-11-10 0:00,3650.00,3665.00,3490.00,3535.00,3.79K,-0.0315
2018-11-11 0:00,3550.00,3645.00,3545.00,3560.00,4.11K,0.0071
2018-11-12 0:00,3570.00,3645.00,3515.00,3605.00,3.56K,0.0126
2018-11-13 0:00,3615.00,3630.00,3540.00,3585.00,2.67K,-0.0055
2018-11-14 0:00,3522.50,3530.00,3502.50,3517.50,-,-0.0188
2018-11-15 0:00,3527.50,3550.00,3477.50,3517.50,-,0
2018-11-16 0:00,3525.00,3620.00,3390.00,3580.00,6.73K,0.0178
2018-11-17 0:00,3575.00,3615.00,3510.00,3535.00,5.04K,-0.0126
2018-11-18 0:00,3545.00,3590.00,3520.00,3565.00,2.79K,0.0085
2018-11-19 0:00,3560.00,3580.00,3510.00,3560.00,0.49K,-0.0014
2018-11-20 0:00,3450.00,3517.50,3450.00,3497.50,-,-0.0176
2018-11-21 0:00,3485.00,3515.00,3325.00,3380.00,4.35K,-0.0336
2018-11-22 0:00,3385.00,3395.00,3300.00,3370.00,2.45K,-0.003
2018-11-23 0:00,3360.00,3435.00,3345.00,3410.00,3.31K,0.0119
2018-11-24 0:00,3420.00,3455.00,3365.00,3395.00,4.07K,-0.0044
2018-11-25 0:00,3385.00,3440.00,3345.00,3425.00,4.69K,0.0088
2018-11-26 0:00,3435.00,3435.00,3377.50,3397.50,-,-0.008
2018-11-27 0:00,3380.00,3415.00,3375.00,3395.00,2.95K,-0.0007
2018-11-28 0:00,3390.00,3415.00,3380.00,3400.00,1.57K,0.0015
2018-11-29 0:00,3405.00,3420.00,3310.00,3340.00,3.78K,-0.0176
2018-11-30 0:00,3345.00,3370.00,3335.00,3340.00,1.73K,0
2018-12-01 0:00,3350.00,3730.00,3325.00,3615.00,9.87K,0.0823
2018-12-02 0:00,3592.50,3647.50,3592.50,3645.00,-,0.0083
2018-12-03 0:00,3610.00,3650.00,3580.00,3605.00,5.08K,-0.011
2018-12-04 0:00,3595.00,3625.00,3550.00,3605.00,3.94K,0
2018-12-05 0:00,3575.00,3630.00,3555.00,3570.00,2.81K,-0.0097
2018-12-06 0:00,3575.00,3595.00,3530.00,3565.00,2.12K,-0.0014
2018-12-07 0:00,3565.00,3620.00,3545.00,3565.00,2.60K,0
2018-12-08 0:00,3562.50,3647.50,3562.50,3627.50,-,0.0175
2018-12-09 0:00,3632.50,3917.50,3617.50,3867.50,-,0.0662
2018-12-10 0:00,3600.00,3970.00,3595.00,3935.00,15.94K,0.0175
2018-12-11 0:00,3910.00,3965.00,3870.00,3935.00,5.23K,0
2018-12-12 0:00,3920.00,3985.00,3855.00,3895.00,5.43K,-0.0102
2018-12-13 0:00,3885.00,3955.00,3885.00,3930.80,0.39K,0.0092
2018-12-14 0:00,3940.00,3940.00,3707.50,3712.50,-,-0.0555
2018-12-15 0:00,3770.00,3845.00,3705.00,3820.00,5.87K,0.029
2018-12-16 0:00,3805.00,3820.00,3745.00,3775.00,3.07K,-0.0118
2018-12-17 0:00,3780.00,3815.00,3620.00,3710.00,4.84K,-0.0172
2018-12-18 0:00,3765.00,3875.00,3745.00,3790.00,6.75K,0.0216
2018-12-19 0:00,3785.00,3830.00,3780.00,3820.00,1.83K,0.0079
2018-12-20 0:00,3817.50,3817.50,3752.50,3777.50,-,-0.0111
2018-12-21 0:00,3780.00,3795.00,3660.00,3690.00,4.58K,-0.0232
2018-12-22 0:00,3675.00,3865.00,3655.00,3835.00,4.97K,0.0393
2018-12-23 0:00,3835.00,3900.00,3810.00,3840.00,4.10K,0.0013
2018-12-24 0:00,3855.00,3890.00,3830.00,3870.00,4.09K,0.0078
2018-12-25 0:00,3905.00,3920.00,3845.00,3890.00,3.78K,0.0052
2018-12-26 0:00,3815.00,3902.50,3810.00,3897.50,-,0.0019
2018-12-27 0:00,3885.00,3915.00,3810.00,3835.00,3.54K,-0.016
2018-12-28 0:00,3845.00,3880.00,3790.00,3845.00,2.96K,0.0026
2018-12-29 0:00,3855.00,3870.00,3820.00,3845.00,2.11K,0
2018-12-30 0:00,3840.00,3905.00,3775.00,3845.00,4.46K,0
2018-12-31 0:00,3850.00,3910.00,3845.00,3900.00,2.94K,0.0143
2019-01-01 0:00,3887.50,4002.50,3887.50,3967.50,-,0.0173
2019-01-02 0:00,3965.00,4025.00,3935.00,3960.00,2.76K,-0.0019
2019-01-03 0:00,3970.00,4015.00,3950.00,3995.00,2.33K,0.0088
2019-01-04 0:00,3990.00,4020.00,3965.00,4010.00,2.56K,0.0038
2019-01-05 0:00,4015.00,4060.00,3900.00,3965.00,3.77K,-0.0112
2019-01-06 0:00,3970.00,3995.00,3955.00,3980.00,1.70K,0.0038
2019-01-07 0:00,3935.00,3967.50,3935.00,3962.50,-,-0.0044
2019-01-08 0:00,3965.00,3970.00,3845.00,3895.00,2.41K,-0.017
2019-01-09 0:00,3885.00,3915.00,3880.00,3905.00,2.00K,0.0026
2019-01-10 0:00,3905.00,4035.00,3905.00,4005.00,4.11K,0.0256
2019-01-11 0:00,4010.00,4035.00,3995.00,4010.00,1.89K,0.0012
2019-01-12 0:00,4005.00,4100.00,4000.00,4079.00,0.58K,0.0172
2019-01-13 0:00,4087.50,4095.00,4047.50,4085.00,-,0.0015
2019-01-14 0:00,4090.00,4145.00,4040.00,4125.00,1.90K,0.0098
2019-01-15 0:00,4135.00,5095.00,4130.00,4775.00,10.44K,0.1576
2019-01-16 0:00,4810.00,5325.00,4810.00,5150.00,16.12K,0.0785
2019-01-17 0:00,5210.00,5275.00,4780.00,4840.00,21.78K,-0.0602
2019-01-18 0:00,4935.00,5070.00,4890.00,5020.00,9.56K,0.0372
2019-01-19 0:00,4985.00,5275.00,4985.00,5200.00,-,0.0359
2019-01-20 0:00,5165.00,5370.00,5130.00,5210.00,16.17K,0.0019
2019-01-21 0:00,5290.00,5320.00,5150.00,5220.00,8.97K,0.0019
2019-01-22 0:00,5220.00,5480.00,5160.00,5415.00,7.84K,0.0374
2019-01-23 0:00,5300.00,5355.00,4965.00,5075.00,11.27K,-0.0628
2019-01-24 0:00,5030.00,5125.00,4900.00,5065.00,7.93K,-0.002
2019-01-25 0:00,5102.50,5192.50,5062.50,5167.50,-,0.0202
2019-01-26 0:00,5110.00,5200.00,4945.00,5010.00,10.08K,-0.0305
2019-01-27 0:00,5030.00,5235.00,5025.00,5200.00,6.80K,0.0379
2019-01-28 0:00,5215.00,5285.00,5185.00,5235.00,6.70K,0.0067
2019-01-29 0:00,5230.00,5325.00,5205.00,5295.00,6.45K,0.0115
2019-01-30 0:00,5320.00,5320.00,5320.00,5320.00,-,0.0047
2019-01-31 0:00,5212.50,5305.00,5212.50,5305.00,-,-0.0028
2019-02-01 0:00,5275.00,5450.00,5255.00,5395.00,9.80K,0.017
2019-02-02 0:00,5400.00,5665.00,5375.00,5590.00,10.60K,0.0361
2019-02-03 0:00,5580.00,5625.00,5370.00,5435.00,11.09K,-0.0277
2019-02-04 0:00,5440.00,5510.00,5380.00,5490.00,3.54K,0.0101
2019-02-05 0:00,5400.00,5400.00,4945.00,5162.30,1.29K,-0.0597
2019-02-06 0:00,5345.00,5345.00,5042.50,5150.00,-,-0.0024
2019-02-07 0:00,5095.00,5185.00,5070.00,5140.00,3.42K,-0.0019
2019-02-08 0:00,5140.00,5285.00,5090.00,5230.00,4.09K,0.0175
2019-02-09 0:00,5250.00,5350.00,5250.00,5300.00,3.56K,0.0134
2019-02-10 0:00,5285.00,5415.00,5280.00,5390.00,4.55K,0.017
2019-02-11 0:00,5390.00,5800.00,5355.00,5670.00,13.23K,0.0519
2019-02-12 0:00,5785.00,5815.00,5712.50,5722.50,-,0.0093
2019-02-13 0:00,5735.00,5795.00,5565.00,5745.00,7.08K,0.0039
2019-02-14 0:00,5700.00,5985.00,5685.00,5845.00,10.09K,0.0174
2019-02-15 0:00,5885.00,5915.00,5640.00,5900.00,7.02K,0.0094
2019-02-16 0:00,5905.00,6120.00,5850.00,6065.00,6.97K,0.028
2019-02-17 0:00,6125.00,6430.00,6110.00,6365.00,9.80K,0.0495
2019-02-18 0:00,6262.50,7240.00,6262.50,6985.00,-,0.0974
2019-02-19 0:00,7150.00,8030.00,6870.00,7950.00,31.43K,0.1382
2019-02-20 0:00,8145.00,8385.00,7630.00,7780.00,26.37K,-0.0214
2019-02-21 0:00,7815.00,8300.00,7815.00,8225.00,13.41K,0.0572
2019-02-22 0:00,8185.00,8445.00,7725.00,7875.00,19.97K,-0.0426
2019-02-23 0:00,7940.00,7990.00,6320.00,7180.00,15.47K,-0.0883
2019-02-24 0:00,7055.00,8375.00,7055.00,8247.50,-,0.1487
2019-02-25 0:00,8075.00,8380.00,7620.00,7850.00,15.20K,-0.0482
2019-02-26 0:00,8065.00,8140.00,7840.00,8050.00,7.78K,0.0255
2019-02-27 0:00,8030.00,8075.00,7710.00,7950.00,10.83K,-0.0124
2019-02-28 0:00,7685.00,7895.00,7485.00,7810.00,10.99K,-0.0176
2019-03-01 0:00,7845.00,8230.00,7815.00,8085.00,12.00K,0.0352
2019-03-02 0:00,8067.50,8920.00,8067.50,8835.00,-,0.0928
2019-03-03 0:00,8835.00,9065.00,8775.00,8882.50,-,0.0054
2019-03-04 0:00,8660.00,9035.00,8550.00,8705.00,18.55K,-0.02
2019-03-05 0:00,8730.00,8775.00,8420.00,8690.00,11.72K,-0.0017
2019-03-06 0:00,8660.00,9125.00,8345.00,8620.00,11.45K,-0.0081
2019-03-07 0:00,8290.00,8440.00,8100.00,8414.20,-,-0.0239
2019-03-08 0:00,8610.00,8865.00,8550.00,8840.00,-,0.0506
2019-03-09 0:00,8730.00,8865.00,8385.00,8640.00,4.64K,-0.0226
2019-03-10 0:00,8560.00,8565.00,7515.00,7625.00,11.78K,-0.1175
2019-03-11 0:00,7525.00,7970.00,7435.00,7835.00,2.85K,0.0275
2019-03-12 0:00,7745.00,7915.00,7460.00,7610.00,4.39K,-0.0287
2019-03-13 0:00,7765.00,8175.00,7740.00,8010.00,2.93K,0.0526
2019-03-14 0:00,8200.00,8200.00,7515.00,7665.00,-,-0.0431
2019-03-15 0:00,7675.00,8115.00,7515.00,8010.00,3.26K,0.045
2019-03-16 0:00,7980.00,8085.00,7720.00,7920.00,2.54K,-0.0112
2019-03-17 0:00,7930.00,8340.00,7830.00,8195.00,3.93K,0.0347
2019-03-18 0:00,8180.00,8330.00,8070.00,8285.00,2.08K,0.011
2019-03-19 0:00,8365.00,8515.00,8215.00,8440.00,2.08K,0.0187
2019-03-20 0:00,9065.00,9247.50,9060.00,9080.00,-,0.0758
2019-03-21 0:00,9065.00,9495.00,9055.00,9380.00,6.93K,0.033
2019-03-22 0:00,9365.00,9575.00,8985.00,9115.00,6.73K,-0.0283
2019-03-23 0:00,9020.00,9255.00,8985.00,9210.00,2.22K,0.0104
2019-03-24 0:00,9320.00,9705.00,9260.00,9625.00,5.35K,0.0451
2019-03-25 0:00,9615.00,10060.00,9560.00,9980.00,6.91K,0.0369
2019-03-26 0:00,10125.00,11220.00,10125.00,11030.00,-,0.1052
2019-03-27 0:00,10925.00,11160.00,10615.00,10945.00,9.90K,-0.0077
2019-03-28 0:00,11035.00,11525.00,11010.00,11380.00,10.35K,0.0397
2019-03-29 0:00,11520.00,13915.00,11520.00,13885.00,21.33K,0.2201
2019-03-30 0:00,12500.00,13340.00,10285.00,10855.00,23.27K,-0.2182
2019-03-31 0:00,10865.00,12020.00,10815.00,11763.80,0.39K,0.0837
2019-04-01 0:00,12052.50,12052.50,10880.00,10965.00,-,-0.0679
2019-04-02 0:00,11505.00,11505.00,10150.00,10375.00,9.77K,-0.0538
2019-04-03 0:00,10685.00,11120.00,9805.00,10990.00,6.87K,0.0593
2019-04-04 0:00,10890.00,11765.00,10855.00,11370.00,6.77K,0.0346
2019-04-05 0:00,12165.00,12230.00,11200.00,11300.00,-,-0.0062
2019-04-06 0:00,11485.00,12230.00,10910.00,11285.00,8.76K,-0.0013
2019-04-07 0:00,11217.50,11760.00,11217.50,11640.00,-,0.0315
2019-04-08 0:00,11630.00,12525.00,11500.00,12445.00,3.93K,0.0692
2019-04-09 0:00,12530.00,13115.00,12330.00,12760.00,6.43K,0.0253
2019-04-10 0:00,12825.00,13480.00,11760.00,12270.00,10.62K,-0.0384
2019-04-11 0:00,12130.00,12385.00,11045.00,11730.00,9.62K,-0.044
2019-04-12 0:00,11405.00,12005.00,11195.00,11730.00,3.36K,0
2019-04-13 0:00,11660.00,11845.00,10117.50,10217.50,-,-0.1289
2019-04-14 0:00,10945.00,11040.00,9915.00,10910.00,7.60K,0.0678
2019-04-15 0:00,10840.00,11155.00,9460.00,9730.00,8.51K,-0.1082
2019-04-16 0:00,9695.00,10025.00,9095.00,9795.00,8.04K,0.0067
2019-04-17 0:00,9825.00,10825.00,9345.00,10550.00,8.51K,0.0771
2019-04-18 0:00,10635.00,10845.00,10130.00,10460.00,4.70K,-0.0085
2019-04-19 0:00,10595.00,10825.00,10595.00,10710.00,-,0.0239
2019-04-20 0:00,10630.00,10720.00,10070.00,10145.00,5.22K,-0.0528
2019-04-21 0:00,10290.00,10370.00,9860.00,10150.00,3.69K,0.0005
2019-04-22 0:00,10155.00,10155.00,9485.00,9640.00,5.62K,-0.0502
2019-04-23 0:00,9780.00,10215.00,9735.00,9865.00,3.90K,0.0233
2019-04-24 0:00,9875.00,9955.00,9645.00,9763.50,0.92K,-0.0103
2019-04-25 0:00,9917.50,9917.50,9195.00,9610.00,-,-0.0157
2019-04-26 0:00,9575.00,9850.00,9195.00,9530.00,3.07K,-0.0083
2019-04-27 0:00,9565.00,9930.00,9470.00,9735.00,2.38K,0.0215
2019-04-28 0:00,9725.00,10295.00,9685.00,10115.00,2.20K,0.039
2019-04-29 0:00,10160.00,10665.00,10015.00,10450.00,1.88K,0.0331
2019-04-30 0:00,10595.00,10870.00,10490.00,10600.00,2.70K,0.0144
2019-05-01 0:00,10725.00,11267.50,10725.00,11127.50,-,0.0498
2019-05-02 0:00,11070.00,12130.00,11070.00,11910.00,4.07K,0.0703
2019-05-03 0:00,11925.00,12505.00,11700.00,11830.00,3.81K,-0.0067
2019-05-04 0:00,11600.00,12330.00,11325.00,11885.00,5.02K,0.0046
2019-05-05 0:00,12075.00,12205.00,11600.00,11690.00,2.43K,-0.0164
2019-05-06 0:00,11855.00,12235.00,11795.00,11945.00,3.52K,0.0218
2019-05-07 0:00,11640.00,11685.00,11597.50,11655.00,-,-0.0243
2019-05-08 0:00,11675.00,11695.00,11340.00,11560.00,1.83K,-0.0082
2019-05-09 0:00,11505.00,11570.00,10800.00,10945.00,4.15K,-0.0532
2019-05-10 0:00,10930.00,10955.00,10070.00,10160.00,6.02K,-0.0717
2019-05-11 0:00,10240.00,10440.00,9500.00,10130.00,7.41K,-0.003
2019-05-12 0:00,10400.00,10590.00,9765.00,10515.00,5.25K,0.038
2019-05-13 0:00,10477.50,10490.00,10167.50,10357.50,-,-0.015
2019-05-14 0:00,10445.00,10890.00,10305.00,10745.00,2.65K,0.0374
2019-05-15 0:00,10765.00,11015.00,10590.00,10775.00,2.56K,0.0028
2019-05-16 0:00,10815.00,10890.00,9850.00,10115.00,5.03K,-0.0613
2019-05-17 0:00,10040.00,10255.00,9765.00,10185.00,3.96K,0.0069
2019-05-18 0:00,10205.00,10535.00,10050.00,10460.00,3.32K,0.027
2019-05-19 0:00,10237.50,10367.50,10075.00,10250.00,-,-0.0201
2019-05-20 0:00,10030.00,10730.00,9970.00,10330.00,4.19K,0.0078
2019-05-21 0:00,10305.00,10410.00,10030.00,10165.00,3.66K,-0.016
2019-05-22 0:00,10150.00,10320.00,9470.00,9645.00,5.69K,-0.0512
2019-05-23 0:00,9695.00,9730.00,9305.00,9505.00,4.15K,-0.0145
2019-05-24 0:00,9500.00,9630.00,9385.00,9584.00,0.36K,0.0083
2019-05-25 0:00,9657.50,9932.50,9657.50,9877.50,-,0.0306
2019-05-26 0:00,9895.00,10600.00,9845.00,10507.50,-,0.0638
2019-05-27 0:00,9795.00,10925.00,9795.00,10800.00,7.22K,0.0278
2019-05-28 0:00,10840.00,10965.00,10470.00,10835.00,3.70K,0.0032
2019-05-29 0:00,10790.00,10810.00,10530.00,10625.00,3.61K,-0.0194
2019-05-30 0:00,10635.00,11130.00,10230.00,10460.00,6.76K,-0.0155
2019-05-31 0:00,10405.00,10522.50,10405.00,10475.00,-,0.0014
2019-06-01 0:00,10490.00,10620.00,10115.00,10370.00,3.97K,-0.01
2019-06-02 0:00,10360.00,10455.00,9945.00,10060.00,3.40K,-0.0299
2019-06-03 0:00,10145.00,10345.00,9900.00,10125.00,3.53K,0.0065
2019-06-04 0:00,10160.00,10470.00,10085.00,10410.00,3.10K,0.0281
2019-06-05 0:00,10480.00,10560.00,10205.00,10265.00,2.88K,-0.0139
2019-06-06 0:00,10485.00,10502.50,10335.00,10365.00,-,0.0097
2019-06-07 0:00,10335.00,10430.00,10105.00,10135.00,2.31K,-0.0222
2019-06-08 0:00,10305.00,10405.00,10185.00,10305.00,1.58K,0.0168
2019-06-09 0:00,10250.00,10310.00,10120.00,10205.00,1.58K,-0.0097
2019-06-10 0:00,10315.00,10450.00,9605.00,10155.00,4.34K,-0.0049
2019-06-11 0:00,10155.00,10355.00,10095.00,10180.00,2.40K,0.0025
2019-06-12 0:00,10232.50,10232.50,10035.00,10045.00,-,-0.0133
2019-06-13 0:00,10125.00,10125.00,9690.00,9805.00,4.65K,-0.0239
2019-06-14 0:00,9770.00,9780.00,7995.00,8380.00,10.53K,-0.1453
2019-06-15 0:00,8670.00,8785.00,8205.00,8350.00,5.82K,-0.0036
2019-06-16 0:00,8515.00,8670.00,7710.00,8145.00,5.37K,-0.0246
2019-06-17 0:00,8085.00,8140.00,7940.00,8004.50,0.45K,-0.0173
2019-06-18 0:00,7965.00,8172.50,7965.00,8075.00,-,0.0088
2019-06-19 0:00,8090.00,8415.00,7710.00,8335.00,4.98K,0.0322
2019-06-20 0:00,8360.00,8560.00,8235.00,8325.00,3.54K,-0.0012
2019-06-21 0:00,8330.00,8400.00,8185.00,8270.00,1.86K,-0.0066
2019-06-22 0:00,8285.00,8435.00,8075.00,8160.00,2.58K,-0.0133
2019-06-23 0:00,8165.00,8310.00,8020.00,8225.00,1.99K,0.008
2019-06-24 0:00,8217.50,8217.50,7785.00,7835.00,-,-0.0474
2019-06-25 0:00,7900.00,8350.00,7745.00,8255.00,5.78K,0.0536
2019-06-26 0:00,8260.00,8365.00,8095.00,8170.00,2.28K,-0.0103
2019-06-27 0:00,8185.00,8780.00,8125.00,8645.00,4.72K,0.0581
2019-06-28 0:00,8605.00,8670.00,8445.00,8595.00,2.72K,-0.0058
2019-06-29 0:00,8595.00,8850.00,8285.00,8355.00,4.13K,-0.0279
2019-06-30 0:00,8327.50,8330.00,8252.50,8282.50,-,-0.0087
2019-07-01 0:00,8255.00,8435.00,8220.00,8355.00,1.77K,0.0088
2019-07-02 0:00,8340.00,8435.00,8085.00,8170.00,2.75K,-0.0221
2019-07-03 0:00,8150.00,8195.00,7900.00,7950.00,3.69K,-0.0269
2019-07-04 0:00,7975.00,8150.00,7935.00,8060.00,2.58K,0.0138
2019-07-05 0:00,8065.00,8130.00,7805.00,7960.00,3.41K,-0.0124
2019-07-06 0:00,8290.00,8300.00,8237.50,8297.50,-,0.0424
2019-07-07 0:00,8255.00,8380.00,8160.00,8205.00,3.64K,-0.0111
2019-07-08 0:00,8230.00,8330.00,8065.00,8165.00,2.45K,-0.0049
2019-07-09 0:00,8080.00,8110.00,7245.00,7475.00,5.77K,-0.0845
2019-07-10 0:00,7420.00,7515.00,7355.00,7490.00,3.21K,0.002
2019-07-11 0:00,7450.00,7720.00,7400.00,7678.50,0.56K,0.0252
2019-07-12 0:00,8667.50,9840.00,8667.50,9632.50,-,0.2545
2019-07-13 0:00,9700.00,10050.00,9330.00,9530.00,6.47K,-0.0106
2019-07-14 0:00,9585.00,9655.00,9155.00,9315.00,3.04K,-0.0226
2019-07-15 0:00,9540.00,9565.00,9060.00,9270.00,3.55K,-0.0048
2019-07-16 0:00,9225.00,9510.00,9000.00,9305.00,2.09K,0.0038
2019-07-17 0:00,9230.00,9360.00,9120.00,9235.00,2.64K,-0.0075
2019-07-18 0:00,9387.50,9387.50,9090.00,9247.50,-,0.0014
2019-07-19 0:00,9270.00,9790.00,9170.00,9565.00,3.45K,0.0343
2019-07-20 0:00,9480.00,9580.00,8360.00,9420.00,2.88K,-0.0152
2019-07-21 0:00,9405.00,9515.00,9325.00,9360.00,1.37K,-0.0064
2019-07-22 0:00,9425.00,9460.00,9125.00,9220.00,3.32K,-0.015
2019-07-23 0:00,9260.00,9305.00,8680.00,8845.00,5.49K,-0.0407
2019-07-24 0:00,8850.00,9132.50,8850.00,9045.00,-,0.0226
2019-07-25 0:00,9100.00,9135.00,8585.00,8750.00,3.62K,-0.0326
2019-07-26 0:00,8735.00,8915.00,8555.00,8835.00,3.55K,0.0097
2019-07-27 0:00,8815.00,8880.00,8730.00,8785.00,2.12K,-0.0057
2019-07-28 0:00,8805.00,8830.00,8590.00,8675.00,2.34K,-0.0125
2019-07-29 0:00,8680.00,8820.00,8355.00,8505.00,4.10K,-0.0196
2019-07-30 0:00,8557.50,8662.50,8495.00,8505.00,-,0
2019-07-31 0:00,8550.00,8565.00,8005.00,8205.00,4.00K,-0.0353
2019-08-01 0:00,8200.00,8215.00,8005.00,8110.00,3.01K,-0.0116
2019-08-02 0:00,8145.00,8275.00,8045.00,8110.00,3.89K,0
2019-08-03 0:00,8110.00,8140.00,7360.00,7580.00,5.63K,-0.0654
2019-08-04 0:00,7620.00,7735.00,6775.00,7330.00,9.94K,-0.033
2019-08-05 0:00,7440.00,7440.00,6870.00,6910.00,-,-0.0573
2019-08-06 0:00,7050.00,7375.00,6510.00,7165.00,10.02K,0.0369
2019-08-07 0:00,7205.00,7345.00,7015.00,7115.00,5.90K,-0.007
2019-08-08 0:00,7150.00,7700.00,6835.00,7570.00,8.58K,0.0639
2019-08-09 0:00,7547.50,7657.50,7365.00,7425.00,-,-0.0192
2019-08-10 0:00,7530.00,7800.00,7365.00,7775.70,2.45K,0.0472
2019-08-11 0:00,7812.50,7850.00,7452.50,7462.50,-,-0.0403
2019-08-12 0:00,7465.00,7555.00,7195.00,7335.00,4.33K,-0.0171
2019-08-13 0:00,7370.00,7445.00,7260.00,7340.00,1.71K,0.0007
2019-08-14 0:00,7335.00,7965.00,7085.00,7220.00,8.67K,-0.0163
2019-08-15 0:00,7255.00,7525.00,7180.00,7420.00,4.44K,0.0277
2019-08-16 0:00,7435.00,7655.00,7335.00,7460.00,3.51K,0.0054
2019-08-17 0:00,7467.50,7585.00,7427.50,7550.00,-,0.0121
2019-08-18 0:00,7570.00,7705.00,7290.00,7320.00,3.53K,-0.0305
2019-08-19 0:00,7345.00,7410.00,7165.00,7215.00,3.36K,-0.0143
2019-08-20 0:00,7250.00,7290.00,7130.00,7175.00,2.98K,-0.0055
2019-08-21 0:00,7210.00,7370.00,7070.00,7265.00,4.52K,0.0125
2019-08-22 0:00,7215.00,7335.00,7200.00,7265.00,3.65K,0
2019-08-23 0:00,7215.00,7287.50,7082.50,7110.00,-,-0.0213
2019-08-24 0:00,7120.00,7145.00,6790.00,6860.00,7.72K,-0.0352
2019-08-25 0:00,6880.00,6940.00,6560.00,6580.00,5.98K,-0.0408
2019-08-26 0:00,6575.00,7235.00,6420.00,7135.00,11.82K,0.0843
2019-08-27 0:00,7280.00,7440.00,7055.00,7165.00,4.60K,0.0042
2019-08-28 0:00,7160.00,7235.00,7085.00,7230.00,2.48K,0.0091
2019-08-29 0:00,7262.50,7577.50,7225.00,7560.00,-,0.0456
2019-08-30 0:00,7420.00,7715.00,7290.00,7410.00,7.85K,-0.0198
2019-08-31 0:00,7330.00,7430.00,7215.00,7235.00,3.52K,-0.0236
2019-09-01 0:00,7265.00,7407.50,7265.00,7407.50,-,0.0238
2019-09-02 0:00,7220.00,7445.00,7170.00,7250.00,4.30K,-0.0213
2019-09-03 0:00,7195.00,7245.00,7055.00,7203.80,0.61K,-0.0064
2019-09-04 0:00,7270.00,7470.00,7187.50,7445.00,-,0.0335
2019-09-05 0:00,7445.00,7480.00,7245.00,7285.00,3.12K,-0.0215
2019-09-06 0:00,7295.00,7350.00,7160.00,7210.00,2.95K,-0.0103
2019-09-07 0:00,7220.00,7230.00,7202.50,7210.00,-,0
2019-09-08 0:00,7225.00,7225.00,6900.00,6940.00,4.75K,-0.0374
2019-09-09 0:00,6960.00,7500.00,6860.00,7385.00,8.66K,0.0641
2019-09-10 0:00,7402.50,7445.00,7385.00,7432.50,-,0.0064
2019-09-11 0:00,7435.00,7685.00,7385.00,7615.00,6.10K,0.0246
2019-09-12 0:00,7725.00,8300.00,7725.00,8280.00,11.53K,0.0873
2019-09-13 0:00,8165.00,8595.00,7915.00,8110.00,16.33K,-0.0205
2019-09-14 0:00,8120.00,8170.00,7800.00,7885.00,10.40K,-0.0277
2019-09-15 0:00,7855.00,8220.00,7700.00,8135.00,13.11K,0.0317
2019-09-16 0:00,7965.00,8282.50,7965.00,8282.50,-,0.0181
2019-09-17 0:00,8235.00,8300.00,8100.00,8200.00,3.21K,-0.01
2019-09-18 0:00,8165.00,8955.00,8150.00,8750.00,13.50K,0.0671
2019-09-19 0:00,8810.00,8995.00,8635.00,8880.00,7.02K,0.0149
2019-09-20 0:00,8925.00,8955.00,8615.00,8790.00,5.82K,-0.0101
2019-09-21 0:00,8765.00,9085.00,8720.00,8925.00,6.90K,0.0154
2019-09-22 0:00,8835.00,8922.50,8645.00,8740.00,-,-0.0207
2019-09-23 0:00,8740.00,8760.00,8535.00,8670.00,-,-0.008
2019-09-24 0:00,8720.00,8825.00,8515.00,8750.00,7.46K,0.0092
2019-09-25 0:00,8775.00,8865.00,8600.00,8680.00,4.72K,-0.008
2019-09-26 0:00,8665.00,8705.00,8290.00,8370.00,13.85K,-0.0357
2019-09-27 0:00,8410.00,8540.00,8235.00,8495.00,9.84K,0.0149
2019-09-28 0:00,8457.50,8680.00,8457.50,8665.00,-,0.02
2019-09-29 0:00,8595.00,9020.00,8575.00,8995.00,13.13K,0.0381
2019-09-30 0:00,8935.00,9215.00,8895.00,9060.00,15.88K,0.0072
2019-10-01 0:00,9040.00,9480.00,9040.00,9390.00,12.12K,0.0364
2019-10-02 0:00,9335.00,9570.00,9160.00,9555.00,15.04K,0.0176
2019-10-03 0:00,9555.00,9555.00,9180.00,9277.60,1.07K,-0.029
2019-10-04 0:00,9475.00,9540.00,9392.50,9452.50,-,0.0188
2019-10-05 0:00,9495.00,9790.00,9270.00,9410.00,8.92K,-0.0045
2019-10-06 0:00,9355.00,9440.00,9130.00,9255.00,8.19K,-0.0165
2019-10-07 0:00,9245.00,9945.00,9225.00,9830.00,14.31K,0.0621
2019-10-08 0:00,9800.00,10010.00,9685.00,9895.00,12.01K,0.0066
2019-10-09 0:00,9805.00,10030.00,9740.00,9845.00,8.52K,-0.0051
2019-10-10 0:00,9875.00,10337.50,9850.00,10312.50,-,0.0475
2019-10-11 0:00,10200.00,10360.00,9510.00,9935.00,6.78K,-0.0366
2019-10-12 0:00,9930.00,10570.00,9790.00,10405.00,15.83K,0.0473
2019-10-13 0:00,10325.00,10620.00,10315.00,10525.00,13.01K,0.0115
2019-10-14 0:00,10505.00,10670.00,10160.00,10305.00,16.24K,-0.0209
2019-10-15 0:00,10305.00,10635.00,10210.00,10495.00,8.77K,0.0184
2019-10-16 0:00,10335.00,10335.00,9930.00,9995.00,-,-0.0476
2019-10-17 0:00,9995.00,10040.00,9505.00,9757.50,-,-0.0238
2019-10-18 0:00,9980.00,10365.00,9505.00,10250.00,20.88K,0.0505
2019-10-19 0:00,10280.00,10545.00,9245.00,10225.00,9.02K,-0.0024
2019-10-20 0:00,9735.00,9735.00,9405.00,9615.00,3.92K,-0.0597
2019-10-21 0:00,9650.00,9830.00,9600.00,9740.00,2.13K,0.013
2019-10-22 0:00,9882.50,10195.00,9797.50,10180.00,-,0.0452
2019-10-23 0:00,9935.00,10075.00,9480.00,9600.00,7.38K,-0.057
2019-10-24 0:00,9640.00,9695.00,9240.00,9320.00,4.06K,-0.0292
2019-10-25 0:00,9385.00,9395.00,8595.00,8780.00,7.64K,-0.0579
2019-10-26 0:00,8780.00,8980.00,8520.00,8890.00,3.90K,0.0125
2019-10-27 0:00,8825.00,8905.00,8430.00,8663.00,0.63K,-0.0255
2019-10-28 0:00,8677.50,8770.00,8590.00,8590.00,-,-0.0084
2019-10-29 0:00,8645.00,9030.00,8540.00,8975.00,2.16K,0.0448
2019-10-30 0:00,8990.00,8995.00,8740.00,8770.00,2.96K,-0.0228
2019-10-31 0:00,8830.00,8910.00,8700.00,8760.00,1.84K,-0.0011
2019-11-01 0:00,8805.00,9250.00,8795.00,9195.00,3.73K,0.0497
2019-11-02 0:00,9140.00,9250.00,9060.00,9165.00,1.83K,-0.0033
2019-11-03 0:00,9267.50,9267.50,7995.00,8042.50,-,-0.1225
2019-11-04 0:00,8265.00,8280.00,7640.00,7850.00,9.51K,-0.0239
2019-11-05 0:00,7835.00,8175.00,7755.00,7995.00,5.07K,0.0185
2019-11-06 0:00,7990.00,8025.00,7610.00,7855.00,3.91K,-0.0175
2019-11-07 0:00,7840.00,8000.00,5595.00,6010.00,16.03K,-0.2349
2019-11-08 0:00,5775.00,5935.00,4210.00,5330.00,15.53K,-0.1131
2019-11-09 0:00,5252.50,5847.50,5215.00,5330.00,-,0
2019-11-10 0:00,5850.00,5850.00,4390.00,4930.00,14.88K,-0.075
2019-11-11 0:00,4975.00,5525.00,4835.00,5380.00,6.88K,0.0913
2019-11-12 0:00,5440.00,5475.00,4990.00,5340.00,8.75K,-0.0074
2019-11-13 0:00,5380.00,6410.00,5275.00,6240.00,8.96K,0.1685
2019-11-14 0:00,6275.00,6950.00,5665.00,6210.00,6.79K,-0.0048
2019-11-15 0:00,6412.50,6477.50,5775.00,5860.00,-,-0.0564
2019-11-16 0:00,6060.00,6650.00,5685.00,6300.00,8.33K,0.0751
2019-11-17 0:00,6450.00,6885.00,6395.00,6725.00,7.84K,0.0675
2019-11-18 0:00,6740.00,6995.00,6465.00,6630.00,5.18K,-0.0141
2019-11-19 0:00,6600.00,6805.00,6520.00,6675.00,3.50K,0.0068
2019-11-20 0:00,6755.00,6855.00,6570.00,6648.40,0.46K,-0.004
2019-11-21 0:00,6925.00,6925.00,5857.50,5862.50,-,-0.1182
2019-11-22 0:00,6045.00,6535.00,5835.00,6380.00,4.34K,0.0883
2019-11-23 0:00,6505.00,6660.00,6340.00,6475.00,2.31K,0.0149
2019-11-24 0:00,6455.00,6465.00,6155.00,6210.00,2.66K,-0.0409
2019-11-25 0:00,6400.00,7345.00,6380.00,6865.00,9.59K,0.1055
2019-11-26 0:00,6890.00,7100.00,6625.00,6800.00,3.94K,-0.0095
2019-11-27 0:00,6750.00,6982.50,6725.00,6800.00,-,0
2019-11-28 0:00,6820.00,7375.00,6785.00,7330.00,10.94K,0.0779
2019-11-29 0:00,7350.00,7515.00,7105.00,7330.00,7.75K,0
2019-11-30 0:00,7195.00,7475.00,7160.00,7335.00,3.07K,0.0007
2019-12-01 0:00,7335.00,7415.00,7090.00,7290.00,2.79K,-0.0061
2019-12-02 0:00,7242.50,7355.00,6890.00,6907.50,-,-0.0525
2019-12-03 0:00,7160.00,7160.00,6555.00,6810.00,5.40K,-0.0141
2019-12-04 0:00,6855.00,7010.00,6785.00,6950.00,2.23K,0.0206
2019-12-05 0:00,6895.00,6950.00,6685.00,6740.00,2.14K,-0.0302
2019-12-06 0:00,6735.00,7205.00,6465.00,7105.00,6.36K,0.0542
2019-12-07 0:00,7105.00,7235.00,7010.00,7080.00,1.86K,-0.0035
2019-12-08 0:00,7270.00,7270.00,7195.00,7220.00,-,0.0198
2019-12-09 0:00,7200.00,7255.00,6765.00,6795.00,4.30K,-0.0589
2019-12-10 0:00,6875.00,6960.00,6780.00,6890.00,2.88K,0.014
2019-12-11 0:00,6920.00,7195.00,6830.00,7115.00,3.50K,0.0327
2019-12-12 0:00,7115.00,7805.00,7045.00,7540.00,8.04K,0.0597
2019-12-13 0:00,7610.00,7620.00,7400.00,7460.90,1.12K,-0.0105
2019-12-14 0:00,7682.50,7780.00,7640.00,7780.00,-,0.0428
2019-12-15 0:00,7665.00,7905.00,7645.00,7780.00,2.87K,0
2019-12-16 0:00,7845.00,7875.00,7735.00,7780.00,1.76K,0
2019-12-17 0:00,7800.00,9065.00,7780.00,8825.00,9.73K,0.1343
2019-12-18 0:00,8940.00,9560.00,8480.00,8930.00,10.52K,0.0119
2019-12-19 0:00,8850.00,9145.00,8655.00,8840.00,5.13K,-0.0101
2019-12-20 0:00,8852.50,9065.00,8852.50,8995.00,-,0.0175
2019-12-21 0:00,8965.00,9060.00,8600.00,8935.00,3.99K,-0.0067
2019-12-22 0:00,9055.00,9225.00,8835.00,8985.00,4.68K,0.0056
2019-12-23 0:00,9035.00,9515.00,8980.00,9340.00,6.33K,0.0395
2019-12-24 0:00,9370.00,10115.00,9105.00,10010.00,12.11K,0.0717
2019-12-25 0:00,10010.00,10220.00,9820.00,10030.00,6.75K,0.002
2019-12-26 0:00,10100.00,10100.00,8645.00,8795.00,-,-0.1231
2019-12-27 0:00,8820.00,9275.00,8220.00,8795.00,19.23K,0
2019-12-28 0:00,8680.00,9050.00,8560.00,8870.00,6.91K,0.0085
2019-12-29 0:00,8845.00,9430.00,8830.00,9270.00,5.00K,0.0451
2019-12-30 0:00,9400.00,10070.00,9355.00,9725.00,8.87K,0.0491
2019-12-31 0:00,9855.00,9930.00,9170.00,9395.00,7.86K,-0.0339
2020-01-01 0:00,9377.50,9837.50,9377.50,9730.00,-,0.0357
2020-01-02 0:00,9795.00,10035.00,9515.00,9745.00,7.69K,0.0015
2020-01-03 0:00,9745.00,9955.00,9505.00,9680.00,6.70K,-0.0067
2020-01-04 0:00,9755.00,9895.00,9330.00,9570.00,6.28K,-0.0114
2020-01-05 0:00,9585.00,9610.00,8815.00,9075.00,8.80K,-0.0517
2020-01-06 0:00,9185.00,9285.00,8945.00,9175.00,4.56K,0.011
2020-01-07 0:00,9090.00,9202.50,8775.00,8777.50,-,-0.0433
2020-01-08 0:00,8777.50,9015.00,8695.00,8980.00,-,0.0231
2020-01-09 0:00,9050.00,9065.00,8630.00,8785.00,8.29K,-0.0217
2020-01-10 0:00,8850.00,9265.00,8810.00,9170.00,5.65K,0.0438
2020-01-11 0:00,9095.00,9555.00,9055.00,9450.00,6.14K,0.0305
2020-01-12 0:00,9460.00,9610.00,9350.00,9443.40,-,-0.0007
2020-01-13 0:00,9532.50,9595.00,9470.00,9535.00,-,0.0097
2020-01-14 0:00,9530.00,9775.00,9465.00,9650.00,3.66K,0.0121
2020-01-15 0:00,9745.00,10565.00,9335.00,9580.00,14.05K,-0.0073
2020-01-16 0:00,9580.00,9730.00,9465.00,9655.00,3.18K,0.0078
2020-01-17 0:00,9665.00,9985.00,9535.00,9895.00,4.33K,0.0249
2020-01-18 0:00,9865.00,9950.00,9675.00,9800.00,4.51K,-0.0096
2020-01-19 0:00,9725.00,9870.00,9725.00,9832.50,-,0.0033
2020-01-20 0:00,9810.00,9900.00,9720.00,9780.00,3.76K,-0.0053
2020-01-21 0:00,9630.00,9985.00,9620.00,9805.00,4.29K,0.0026
2020-01-22 0:00,9905.00,10130.00,9720.00,9935.00,7.01K,0.0133
2020-01-23 0:00,9945.00,10060.00,9090.00,9300.00,10.87K,-0.0639
2020-01-24 0:00,9380.00,9610.00,9265.00,9465.00,3.85K,0.0177
2020-01-25 0:00,9477.50,9477.50,9270.00,9360.00,-,-0.0111
2020-01-26 0:00,9370.00,9525.00,8930.00,9440.00,5.85K,0.0085
2020-01-27 0:00,9475.00,9630.00,9415.00,9530.00,3.44K,0.0095
2020-01-28 0:00,9540.00,9600.00,9255.00,9325.00,3.21K,-0.0215
2020-01-29 0:00,9425.00,9515.00,9320.00,9410.00,2.14K,0.0091
2020-01-30 0:00,9385.00,9465.00,9245.00,9315.00,3.48K,-0.0101
2020-01-31 0:00,9325.00,9455.00,9325.00,9372.50,-,0.0062
2020-02-01 0:00,9350.00,9700.00,9280.00,9585.00,5.06K,0.0227
2020-02-02 0:00,9725.00,9755.00,9600.00,9660.00,3.81K,0.0078
2020-02-03 0:00,9665.00,9685.00,9180.00,9285.00,8.26K,-0.0388
2020-02-04 0:00,9245.00,9315.00,8985.00,9280.00,5.01K,-0.0005
2020-02-05 0:00,9285.00,9300.00,9055.00,9084.20,1.01K,-0.0211
2020-02-06 0:00,9237.50,9237.50,9122.50,9160.00,-,0.0083
2020-02-07 0:00,9175.00,9240.00,9050.00,9200.00,2.74K,0.0044
2020-02-08 0:00,9255.00,9295.00,9100.00,9185.00,2.86K,-0.0016
2020-02-09 0:00,9200.00,9390.00,9140.00,9325.00,4.79K,0.0152
2020-02-10 0:00,9280.00,9335.00,8950.00,9060.00,6.56K,-0.0284
2020-02-11 0:00,9120.00,9167.50,9077.50,9125.00,-,0.0072
2020-02-12 0:00,9130.00,9145.00,9057.50,9110.00,-,-0.0016
2020-02-13 0:00,9100.00,9435.00,9060.00,9355.00,6.89K,0.0269
2020-02-14 0:00,9350.00,9455.00,9250.00,9290.00,2.98K,-0.0069
2020-02-15 0:00,9310.00,9570.00,9285.00,9510.00,5.16K,0.0237
2020-02-16 0:00,9505.00,9545.00,9190.00,9255.00,5.93K,-0.0268
2020-02-17 0:00,9275.00,9285.00,9145.00,9275.00,2.30K,0.0022
2020-02-18 0:00,9270.00,9377.50,9270.00,9342.50,-,0.0073
2020-02-19 0:00,9290.00,9410.00,9240.00,9270.00,2.84K,-0.0078
2020-02-20 0:00,9275.00,9320.00,9135.00,9310.00,2.87K,0.0043
2020-02-21 0:00,9295.00,9320.00,9165.00,9190.00,2.33K,-0.0129
2020-02-22 0:00,9240.00,9265.00,9040.00,9145.00,3.34K,-0.0049
2020-02-23 0:00,9130.00,9220.00,9095.00,9195.00,1.67K,0.0055
2020-02-24 0:00,9165.00,9280.00,9165.00,9267.50,-,0.0079
2020-02-25 0:00,9200.00,9280.00,9155.00,9190.00,2.43K,-0.0084
2020-02-26 0:00,9205.00,9480.00,9175.00,9395.00,5.41K,0.0223
2020-02-27 0:00,9415.00,9435.00,9295.00,9425.00,3.12K,0.0032
2020-02-28 0:00,9425.00,9735.00,9425.00,9650.00,6.65K,0.0239
2020-02-29 0:00,9665.00,9665.00,9505.00,9615.00,3.11K,-0.0036
2020-03-01 0:00,9717.50,10080.00,9717.50,10067.50,-,0.0471
2020-03-02 0:00,9925.00,11055.00,9925.00,10895.00,16.16K,0.0822
2020-03-03 0:00,11080.00,11540.00,10635.00,11035.00,15.29K,0.0128
2020-03-04 0:00,11060.00,11350.00,10890.00,11240.00,9.08K,0.0186
2020-03-05 0:00,11350.00,11405.00,10835.00,11145.00,7.34K,-0.0085
2020-03-06 0:00,11155.00,11245.00,10985.00,11207.50,1.46K,0.0056
2020-03-07 0:00,11512.50,11680.00,11277.50,11310.00,-,0.0091
2020-03-08 0:00,11350.00,11720.00,11180.00,11620.00,5.33K,0.0274
2020-03-09 0:00,11560.00,11600.00,11125.00,11370.00,6.92K,-0.0215
2020-03-10 0:00,11385.00,11975.00,11190.00,11850.00,11.37K,0.0422
2020-03-11 0:00,11930.00,12085.00,11705.00,12040.00,4.90K,0.016
2020-03-12 0:00,11990.00,12085.00,11395.00,11575.00,10.01K,-0.0386
2020-03-13 0:00,11727.50,11817.50,11727.50,11780.00,-,0.0177
2020-03-14 0:00,11800.00,12220.00,11645.00,12015.00,9.86K,0.0199
2020-03-15 0:00,12005.00,12090.00,11190.00,11435.00,10.29K,-0.0483
2020-03-16 0:00,11340.00,11745.00,11220.00,11665.00,6.07K,0.0201
2020-03-17 0:00,11600.00,11760.00,11340.00,11590.00,5.06K,-0.0064
2020-03-18 0:00,11765.00,12000.00,11740.00,11935.00,9.98K,0.0298
2020-03-19 0:00,11900.00,12082.50,11900.00,12075.00,-,0.0117
2020-03-20 0:00,11950.00,12635.00,11905.00,12485.00,8.88K,0.034
2020-03-21 0:00,12470.00,12555.00,11850.00,12035.00,10.62K,-0.036
2020-03-22 0:00,12100.00,12150.00,11580.00,11690.00,10.16K,-0.0287
2020-03-23 0:00,11740.00,11950.00,11710.00,11895.00,4.86K,0.0175
2020-03-24 0:00,12125.00,12125.00,11600.00,11695.00,9.66K,-0.0168
2020-03-25 0:00,11955.00,11960.00,11810.00,11815.00,-,0.0103
2020-03-26 0:00,11695.00,11865.00,11595.00,11770.00,7.42K,-0.0038
2020-03-27 0:00,11765.00,11810.00,11115.00,11310.00,12.76K,-0.0391
2020-03-28 0:00,11300.00,11570.00,11260.00,11480.00,6.64K,0.015
2020-03-29 0:00,11495.00,11610.00,11125.00,11270.00,9.01K,-0.0183
2020-03-30 0:00,11335.00,11525.00,11280.00,11449.10,1.66K,0.0159
2020-03-31 0:00,11792.50,11877.50,11657.50,11870.00,-,0.0368
2020-04-01 0:00,11735.00,11915.00,11705.00,11835.00,4.87K,-0.0029
2020-04-02 0:00,11755.00,12200.00,11625.00,12075.00,8.92K,0.0203
2020-04-03 0:00,12135.00,12175.00,11165.00,11460.00,17.21K,-0.0509
2020-04-04 0:00,11440.00,11530.00,10460.00,10720.00,15.41K,-0.0646
2020-04-05 0:00,10780.00,10785.00,9905.00,10620.00,15.67K,-0.0093
2020-04-06 0:00,10597.50,10597.50,10212.50,10280.00,-,-0.032
2020-04-07 0:00,10275.00,10460.00,9895.00,10410.00,-,0.0126
2020-04-08 0:00,10425.00,10475.00,9890.00,10015.00,14.55K,-0.0379
2020-04-09 0:00,10060.00,10385.00,9850.00,10320.00,5.22K,0.0305
2020-04-10 0:00,10285.00,10565.00,10215.00,10315.00,7.86K,-0.0005
2020-04-11 0:00,10370.00,10420.00,10215.00,10340.00,4.82K,0.0024
2020-04-12 0:00,10395.00,10405.00,10292.50,10350.00,-,0.001
2020-04-13 0:00,10315.00,10805.00,10270.00,10705.00,6.53K,0.0343
2020-04-14 0:00,10750.00,10975.00,10645.00,10815.00,4.05K,0.0103
2020-04-15 0:00,10890.00,11150.00,10690.00,11015.00,7.06K,0.0185
2020-04-16 0:00,11045.00,11075.00,10755.00,10950.00,7.18K,-0.0059
2020-04-17 0:00,10975.00,11075.00,10815.00,10880.00,4.50K,-0.0064
2020-04-18 0:00,10875.00,10947.50,10840.00,10925.00,-,0.0041
2020-04-19 0:00,10885.00,11005.00,10265.00,10485.00,12.88K,-0.0403
2020-04-20 0:00,10485.00,10525.00,10350.00,10495.00,4.08K,0.001
2020-04-21 0:00,10545.00,10550.00,10140.00,10280.00,7.72K,-0.0205
2020-04-22 0:00,10240.00,10750.00,10190.00,10670.00,8.99K,0.0379
2020-04-23 0:00,10630.00,10805.00,10560.00,10606.80,1.06K,-0.0059
2020-04-24 0:00,10747.50,10887.50,10747.50,10875.00,-,0.0253
2020-04-25 0:00,10800.00,11080.00,10795.00,10960.00,4.10K,0.0078
2020-04-26 0:00,10970.00,10990.00,10680.00,10815.00,4.76K,-0.0132
2020-04-27 0:00,10850.00,10940.00,10725.00,10770.00,5.67K,-0.0042
2020-04-28 0:00,10835.00,11060.00,10430.00,10645.00,11.71K,-0.0116
2020-04-29 0:00,10615.00,10705.00,10410.00,10550.00,5.87K,-0.0089
2020-04-30 0:00,10712.50,10745.00,10600.00,10722.50,-,0.0164
2020-05-01 0:00,10700.00,10865.00,10670.00,10815.00,4.46K,0.0086
2020-05-02 0:00,10815.00,10890.00,10565.00,10630.00,4.09K,-0.0171
2020-05-03 0:00,10600.00,10760.00,10595.00,10720.00,2.26K,0.0085
2020-05-04 0:00,10735.00,11065.00,10580.00,10955.00,5.07K,0.0219
2020-05-05 0:00,10950.00,11205.00,10910.00,11110.00,3.47K,0.0141
2020-05-06 0:00,11112.50,11502.50,11112.50,11475.00,-,0.0329
2020-05-07 0:00,11360.00,11700.00,11280.00,11630.00,6.34K,0.0135
2020-05-08 0:00,11760.00,11805.00,11355.00,11440.00,4.17K,-0.0163
2020-05-09 0:00,11500.00,11630.00,11340.00,11410.00,3.47K,-0.0026
2020-05-10 0:00,11440.00,11695.00,11315.00,11595.00,3.42K,0.0162
2020-05-11 0:00,11610.00,11610.00,11225.00,11360.00,5.37K,-0.0203
2020-05-12 0:00,11480.00,11585.00,11480.00,11565.00,-,0.018
2020-05-13 0:00,11505.00,11910.00,11470.00,11755.00,6.88K,0.0164
2020-05-14 0:00,11795.00,12110.00,11740.00,11970.00,4.06K,0.0183
2020-05-15 0:00,11995.00,13005.00,11960.00,12755.00,10.22K,0.0656
2020-05-16 0:00,12965.00,13285.00,12725.00,13155.00,7.37K,0.0314
2020-05-17 0:00,13220.00,13260.00,12775.00,12970.00,3.79K,-0.0141
2020-05-18 0:00,13307.50,13362.50,13145.00,13210.00,-,0.0185
2020-05-19 0:00,13100.00,13300.00,12805.00,13045.00,6.03K,-0.0125
2020-05-20 0:00,13050.00,13780.00,13025.00,13685.00,9.03K,0.0491
2020-05-21 0:00,13680.00,13870.00,12885.00,13175.00,10.75K,-0.0373
2020-05-22 0:00,13200.00,13665.00,12995.00,13505.00,6.88K,0.025
2020-05-23 0:00,13530.00,13660.00,13150.00,13478.60,0.63K,-0.002
2020-05-24 0:00,13905.00,13990.00,13747.50,13965.00,-,0.0361
2020-05-25 0:00,13955.00,14065.00,13370.00,13790.00,5.04K,-0.0125
2020-05-26 0:00,13730.00,13950.00,13390.00,13845.00,3.73K,0.004
2020-05-27 0:00,13925.00,14420.00,13635.00,14200.00,9.53K,0.0256
2020-05-28 0:00,14165.00,15505.00,14165.00,15260.00,7.46K,0.0746
2020-05-29 0:00,15685.00,16155.00,15350.00,15630.00,8.14K,0.0242
2020-05-30 0:00,15647.50,15720.00,15512.50,15650.00,-,0.0013
2020-05-31 0:00,15665.00,16005.00,14880.00,15450.00,12.35K,-0.0128
2020-06-01 0:00,15435.00,15595.00,15130.00,15355.00,5.97K,-0.0061
2020-06-02 0:00,15450.00,16090.00,15350.00,15805.00,6.20K,0.0293
2020-06-03 0:00,16000.00,16300.00,15520.00,16240.00,6.41K,0.0275
2020-06-04 0:00,16350.00,16585.00,16025.00,16270.00,4.06K,0.0018
2020-06-05 0:00,16405.00,16405.00,16005.00,16027.50,-,-0.0149
2020-06-06 0:00,16035.00,16935.00,15915.00,16895.00,5.40K,0.0541
2020-06-07 0:00,16795.00,17930.00,16620.00,17730.00,9.41K,0.0494
2020-06-08 0:00,17675.00,18540.00,17235.00,17685.00,12.93K,-0.0025
2020-06-09 0:00,17905.00,18260.00,17375.00,18095.00,6.74K,0.0232
2020-06-10 0:00,17910.00,18880.00,17740.00,18685.00,9.87K,0.0326
2020-06-11 0:00,18625.00,18750.00,18450.00,18485.00,-,-0.0107
2020-06-12 0:00,18625.00,18850.00,18040.00,18410.00,12.52K,-0.0041
2020-06-13 0:00,18455.00,19515.00,18075.00,19110.00,14.15K,0.038
2020-06-14 0:00,19135.00,19605.00,18640.00,18915.00,12.22K,-0.0102
2020-06-15 0:00,18745.00,18937.50,16230.00,17140.00,-,-0.0938
2020-06-16 0:00,18865.00,18935.00,16230.00,16627.50,7.86K,-0.0299
2020-06-17 0:00,18430.00,18477.50,18350.00,18420.00,-,0.1078
2020-06-18 0:00,18275.00,20260.00,18275.00,19730.00,12.03K,0.0711
2020-06-19 0:00,19800.00,20360.00,18300.00,19275.00,13.56K,-0.0231
2020-06-20 0:00,19155.00,19585.00,18560.00,19295.00,7.99K,0.001
2020-06-21 0:00,19340.00,19880.00,19070.00,19565.00,7.20K,0.014
2020-06-22 0:00,19680.00,19750.00,18830.00,19100.00,7.57K,-0.0238
2020-06-23 0:00,19052.50,19607.50,18910.00,19550.00,-,0.0236
2020-06-24 0:00,19205.00,19615.00,19020.00,19170.00,5.21K,-0.0194
2020-06-25 0:00,19215.00,19475.00,18695.00,18825.00,7.33K,-0.018
2020-06-26 0:00,18685.00,18685.00,17705.00,18420.00,6.75K,-0.0215
2020-06-27 0:00,18630.00,18750.00,17940.00,18440.00,6.95K,0.0011
2020-06-28 0:00,18415.00,18460.00,17575.00,18020.00,6.06K,-0.0228
2020-06-29 0:00,18285.00,19335.00,18135.00,19250.00,-,0.0683
2020-06-30 0:00,19155.00,19430.00,19080.00,19270.00,6.12K,0.001
2020-07-01 0:00,19340.00,19675.00,19120.00,19560.00,5.82K,0.015
2020-07-02 0:00,19505.00,21430.00,19340.00,20930.00,12.92K,0.07
2020-07-03 0:00,21460.00,23915.00,21320.00,22870.00,16.83K,0.0927
2020-07-04 0:00,23050.00,23415.00,22435.00,22860.00,7.11K,-0.0004
2020-07-05 0:00,23297.50,23667.50,22915.00,23532.50,-,0.0294
2020-07-06 0:00,23605.00,24210.00,21950.00,22880.00,12.96K,-0.0277
2020-07-07 0:00,23260.00,23645.00,22430.00,23445.00,11.08K,0.0247
2020-07-08 0:00,23495.00,24175.00,22800.00,23510.00,6.88K,0.0028
2020-07-09 0:00,23250.00,23475.00,22715.00,23196.70,0.98K,-0.0133
2020-07-10 0:00,23650.00,27122.50,23650.00,26675.00,-,0.1499
2020-07-11 0:00,26650.00,27900.00,26535.00,27110.00,17.47K,0.0163
2020-07-12 0:00,26955.00,27450.00,26080.00,27210.00,7.63K,0.0037
2020-07-13 0:00,27315.00,29370.00,27235.00,29155.00,13.79K,0.0715
2020-07-14 0:00,29075.00,29700.00,28230.00,29385.00,5.53K,0.0079
2020-07-15 0:00,29220.00,29220.00,29220.00,29220.00,-,-0.0056
2020-07-16 0:00,29197.50,34095.00,29197.50,33465.00,-,0.1453
2020-07-17 0:00,33405.00,34170.00,28440.00,31550.00,15.00K,-0.0572
2020-07-18 0:00,31655.00,34680.00,30250.00,34515.00,8.15K,0.094
2020-07-19 0:00,34655.00,37035.00,33780.00,36565.00,19.47K,0.0594
2020-07-20 0:00,36445.00,41000.00,36445.00,39625.00,16.83K,0.0837
2020-07-21 0:00,40275.00,42730.00,37000.00,39520.00,15.38K,-0.0026
2020-07-22 0:00,40350.00,40350.00,38422.50,38650.00,-,-0.022
2020-07-23 0:00,38925.00,39165.00,31105.00,33780.00,22.21K,-0.126
2020-07-24 0:00,34840.00,37050.00,32780.00,34500.00,14.58K,0.0213
2020-07-25 0:00,34055.00,37580.00,32610.00,36375.00,9.79K,0.0543
2020-07-26 0:00,37500.00,40365.00,36915.00,39605.00,10.51K,0.0888
2020-07-27 0:00,39205.00,39980.00,34555.00,35625.00,14.05K,-0.1005
2020-07-28 0:00,36425.00,36565.00,35765.00,35915.00,-,0.0081
2020-07-29 0:00,35915.00,37637.50,34875.00,36775.00,-,0.0239
2020-07-30 0:00,36250.00,38155.00,34890.00,36595.00,14.76K,-0.0049
2020-07-31 0:00,36700.00,36845.00,33435.00,35035.00,9.62K,-0.0426
2020-08-01 0:00,35200.00,35740.00,30930.00,31920.00,13.37K,-0.0889
2020-08-02 0:00,30825.00,33860.00,28900.00,33580.00,12.90K,0.052
2020-08-03 0:00,33617.50,33617.50,32420.00,32680.00,-,-0.0268
2020-08-04 0:00,32300.00,34930.00,32035.00,33440.00,8.77K,0.0233
2020-08-05 0:00,32665.00,32845.00,30800.00,31950.00,8.49K,-0.0446
2020-08-06 0:00,32655.00,32925.00,29075.00,31475.00,13.65K,-0.0149
2020-08-07 0:00,30640.00,33355.00,29860.00,32650.00,7.27K,0.0373
2020-08-08 0:00,33515.00,38755.00,32000.00,37242.30,-,0.1407
2020-08-09 0:00,34232.50,34330.00,33060.00,33342.50,-,-0.1047
2020-08-10 0:00,33315.00,35005.00,32530.00,34000.00,6.29K,0.0197
2020-08-11 0:00,33680.00,36370.00,33605.00,36170.00,5.83K,0.0638
2020-08-12 0:00,36015.00,37790.00,35740.00,37390.00,4.81K,0.0337
2020-08-13 0:00,37660.00,39200.00,36435.00,37915.00,6.04K,0.014
2020-08-14 0:00,37700.00,38755.00,36895.00,38015.00,4.77K,0.0026
2020-08-15 0:00,37875.00,39457.50,37875.00,39197.50,-,0.0311
2020-08-16 0:00,39025.00,45500.00,38305.00,44755.00,14.37K,0.1418
2020-08-17 0:00,45210.00,48885.00,45175.00,47765.00,11.11K,0.0673
2020-08-18 0:00,47500.00,48060.00,43950.00,44915.00,9.74K,-0.0597
2020-08-19 0:00,45615.00,49215.00,44345.00,47525.00,9.07K,0.0581
2020-08-20 0:00,48000.00,49500.00,46500.00,48040.00,7.53K,0.0108
2020-08-21 0:00,48440.00,49492.50,48440.00,49007.50,-,0.0201
2020-08-22 0:00,49000.00,49490.00,46005.00,48287.50,-,-0.0147
2020-08-23 0:00,49415.00,51065.00,45950.00,48925.00,15.41K,0.0132
2020-08-24 0:00,49300.00,53210.00,49115.00,52785.00,9.78K,0.0789
2020-08-25 0:00,52680.00,53080.00,51250.00,52340.00,8.34K,-0.0084
2020-08-26 0:00,52035.00,56575.00,50695.00,55530.00,11.46K,0.0609
2020-08-27 0:00,57920.00,58580.00,57920.00,58520.00,-,0.0538
2020-08-28 0:00,57450.00,57790.00,48320.00,53720.00,18.52K,-0.082
2020-08-29 0:00,54515.00,54515.00,44900.00,47660.00,18.21K,-0.1128
2020-08-30 0:00,48450.00,51310.00,47010.00,49135.00,8.08K,0.0309
2020-08-31 0:00,48810.00,52040.00,48010.00,49120.00,7.07K,-0.0003
2020-09-01 0:00,48165.00,48300.00,44270.00,47001.60,0.75K,-0.0431
2020-09-02 0:00,45700.00,46125.00,45160.00,45522.50,-,-0.0315
2020-09-03 0:00,45500.00,49985.00,45150.00,48870.00,7.20K,0.0735
2020-09-04 0:00,49425.00,50550.00,47245.00,47820.00,5.99K,-0.0215
2020-09-05 0:00,48035.00,53000.00,47955.00,50900.00,6.34K,0.0644
2020-09-06 0:00,50970.00,52190.00,47425.00,48310.00,11.80K,-0.0509
2020-09-07 0:00,48125.00,49745.00,46295.00,49555.00,8.93K,0.0258
2020-09-08 0:00,49372.50,51957.50,49372.50,51430.00,-,0.0378
2020-09-09 0:00,50580.00,52425.00,49500.00,52145.00,7.53K,0.0139
2020-09-10 0:00,51995.00,55265.00,51895.00,54720.00,5.57K,0.0494
2020-09-11 0:00,54530.00,57815.00,53430.00,56620.00,7.10K,0.0347
2020-09-12 0:00,56980.00,58390.00,54685.00,57955.00,7.79K,0.0236
2020-09-13 0:00,58365.00,58725.00,55380.00,57075.00,7.97K,-0.0152
2020-09-14 0:00,57180.00,61252.50,57180.00,59550.00,-,0.0434
2020-09-15 0:00,58755.00,61255.00,54915.00,56900.00,10.37K,-0.0445
2020-09-16 0:00,57005.00,57175.00,53475.00,55910.00,7.10K,-0.0174
2020-09-17 0:00,56695.00,58490.00,54285.00,57980.00,7.70K,0.037
2020-09-18 0:00,58500.00,60280.00,57090.00,57365.00,9.66K,-0.0106
2020-09-19 0:00,57950.00,59575.00,56315.00,58975.00,6.55K,0.0281
2020-09-20 0:00,58470.00,58470.00,57280.00,57405.00,-,-0.0266
2020-09-21 0:00,58195.00,58460.00,54105.00,55605.00,7.20K,-0.0314
2020-09-22 0:00,54665.00,55895.00,52915.00,54985.00,8.66K,-0.0112
2020-09-23 0:00,54580.00,57225.00,53135.00,54645.00,8.67K,-0.0062
2020-09-24 0:00,53665.00,53665.00,50360.00,52195.00,11.14K,-0.0448
2020-09-25 0:00,52425.00,53765.00,51305.00,53346.30,-,0.0221
2020-09-26 0:00,53887.50,56320.00,53887.50,56200.00,-,0.0535
2020-09-27 0:00,55360.00,59000.00,55110.00,58210.00,7.08K,0.0358
2020-09-28 0:00,57940.00,60065.00,57585.00,59705.00,4.63K,0.0257
2020-09-29 0:00,59360.00,60540.00,57380.00,59285.00,6.92K,-0.007
2020-09-30 0:00,59580.00,60345.00,58595.00,59615.00,4.33K,0.0056
2020-10-01 0:00,59455.00,61000.00,59110.00,59615.00,2.18K,0
2020-10-02 0:00,59500.00,60000.00,58470.00,58855.00,-,-0.0127
2020-10-03 0:00,58550.00,60100.00,57155.00,59840.00,5.91K,0.0167
2020-10-04 0:00,59415.00,60350.00,57750.00,58735.00,5.27K,-0.0185
2020-10-05 0:00,58300.00,59080.00,55675.00,56310.00,11.42K,-0.0413
2020-10-06 0:00,56310.00,58655.00,55910.00,58155.00,4.61K,0.0328
2020-10-07 0:00,58010.00,59405.00,58000.00,58760.00,3.95K,0.0104
2020-10-08 0:00,58997.50,60660.00,58757.50,60525.00,-,0.03
2020-10-09 0:00,60000.00,61945.00,59915.00,60545.00,6.63K,0.0003
2020-10-10 0:00,60500.00,64450.00,60300.00,63685.00,7.15K,0.0519
2020-10-11 0:00,63885.00,65520.00,61565.00,62400.00,8.43K,-0.0202
2020-10-12 0:00,62795.00,64030.00,62375.00,63840.00,4.89K,0.0231
2020-10-13 0:00,63765.00,64000.00,60165.00,61980.00,6.63K,-0.0291
2020-10-14 0:00,61490.00,61490.00,56135.00,56390.00,-,-0.0902
2020-10-15 0:00,57120.00,57750.00,54450.00,56045.00,10.37K,-0.0061
2020-10-16 0:00,56335.00,57155.00,53430.00,56715.00,9.19K,0.012
2020-10-17 0:00,56900.00,57160.00,54325.00,55610.00,5.86K,-0.0195
2020-10-18 0:00,54825.00,55645.00,51365.00,52860.00,13.16K,-0.0495
2020-10-19 0:00,51505.00,52150.00,47395.00,50845.00,10.38K,-0.0381
2020-10-20 0:00,51312.50,51312.50,47677.50,49145.00,-,-0.0334
2020-10-21 0:00,47440.00,54410.00,47440.00,54070.00,8.34K,0.1002
2020-10-22 0:00,53370.00,55420.00,52925.00,54790.00,5.14K,0.0133
2020-10-23 0:00,55265.00,56500.00,53905.00,55410.00,6.40K,0.0113
2020-10-24 0:00,54725.00,55205.00,52335.00,52900.00,5.60K,-0.0453
2020-10-25 0:00,53710.00,57507.50,53175.00,56995.00,-,0.0774
2020-10-26 0:00,56960.00,57000.00,56395.00,56780.00,-,-0.0038
2020-10-27 0:00,56985.00,59305.00,56380.00,57765.00,5.62K,0.0173
2020-10-28 0:00,57390.00,57755.00,53220.00,54515.00,8.07K,-0.0563
2020-10-29 0:00,54365.00,58110.00,52830.00,57295.00,6.06K,0.051
2020-10-30 0:00,56950.00,58600.00,55255.00,56180.00,5.93K,-0.0195
2020-10-31 0:00,56350.00,58845.00,55340.00,57760.00,4.97K,0.0281
2020-11-01 0:00,57925.00,58572.50,57772.50,58330.00,-,0.0099
2020-11-02 0:00,58200.00,59900.00,53595.00,55705.00,7.95K,-0.045
2020-11-03 0:00,55690.00,57075.00,54375.00,56805.00,5.35K,0.0197
2020-11-04 0:00,56735.00,58140.00,53355.00,54445.00,8.67K,-0.0415
2020-11-05 0:00,54545.00,54605.00,46395.00,48365.00,14.81K,-0.1117
2020-11-06 0:00,49215.00,51475.00,48370.00,50190.00,5.43K,0.0377
2020-11-07 0:00,49350.00,49350.00,45067.50,46455.00,-,-0.0744
2020-11-08 0:00,45295.00,46620.00,42050.00,44060.00,11.15K,-0.0516
2020-11-09 0:00,43500.00,45755.00,42280.00,43150.00,8.31K,-0.0207
2020-11-10 0:00,42915.00,43530.00,30205.00,39340.00,26.73K,-0.0883
2020-11-11 0:00,38925.00,42420.00,34950.00,40320.00,13.39K,0.0249
2020-11-12 0:00,40720.00,42370.00,35135.00,36085.00,12.91K,-0.105
2020-11-13 0:00,35395.00,35395.00,33720.00,34792.50,-,-0.0358
2020-11-14 0:00,34280.00,39950.00,33720.00,39750.00,10.87K,0.1425
2020-11-15 0:00,38540.00,39885.00,36555.00,37330.00,8.77K,-0.0609
2020-11-16 0:00,38055.00,40895.00,37875.00,38545.00,9.28K,0.0325
2020-11-17 0:00,39025.00,40435.00,37270.00,38845.00,6.24K,0.0078
2020-11-18 0:00,38800.00,39180.00,35160.00,36841.40,0.52K,-0.0516
2020-11-19 0:00,35295.00,36142.50,35295.00,35635.00,-,-0.0327
2020-11-20 0:00,35647.50,37592.50,34232.50,37425.00,-,0.0502
2020-11-21 0:00,35905.00,37985.00,34250.00,35990.00,8.10K,-0.0383
2020-11-22 0:00,36205.00,38340.00,35940.00,38040.00,4.03K,0.057
2020-11-23 0:00,37835.00,39560.00,37255.00,38715.00,4.31K,0.0177
2020-11-24 0:00,38840.00,39330.00,35590.00,36955.00,8.16K,-0.0455
2020-11-25 0:00,37092.50,37092.50,35360.00,36005.00,-,-0.0257
2020-11-26 0:00,36205.00,37015.00,34000.00,35645.00,6.68K,-0.01
2020-11-27 0:00,34130.00,34295.00,30915.00,32910.00,11.21K,-0.0767
2020-11-28 0:00,33485.00,36945.00,32420.00,36375.00,8.45K,0.1053
2020-11-29 0:00,36610.00,38460.00,35815.00,36690.00,6.68K,0.0087
2020-11-30 0:00,36725.00,37700.00,35955.00,37325.00,3.33K,0.0173
2020-12-01 0:00,37000.00,39135.00,37000.00,38985.00,-,0.0445
2020-12-02 0:00,38900.00,41070.00,38705.00,39710.00,5.94K,0.0186
2020-12-03 0:00,40250.00,41335.00,39565.00,39995.00,4.18K,0.0072
2020-12-04 0:00,40025.00,40480.00,38270.00,38565.00,6.33K,-0.0358
2020-12-05 0:00,38550.00,39535.00,37315.00,37665.00,5.65K,-0.0233
2020-12-06 0:00,37695.00,38175.00,35100.00,35285.00,5.72K,-0.0632
2020-12-07 0:00,35400.00,36000.00,35240.00,35592.50,-,0.0087
2020-12-08 0:00,35555.00,35790.00,31715.00,32560.00,9.30K,-0.0852
2020-12-09 0:00,31700.00,33310.00,28800.00,32480.00,14.89K,-0.0025
2020-12-10 0:00,32560.00,34835.00,31780.00,32900.00,7.18K,0.0129
2020-12-11 0:00,33220.00,35245.00,32330.00,34805.00,6.21K,0.0579
2020-12-12 0:00,34700.00,35300.00,32630.00,33079.40,0.54K,-0.0496
2020-12-13 0:00,32000.00,34777.50,32000.00,34725.00,-,0.0497
2020-12-14 0:00,32775.00,35325.00,32750.00,34525.00,5.52K,-0.0058
2020-12-15 0:00,34680.00,36650.00,34200.00,36430.00,4.84K,0.0552
2020-12-16 0:00,36215.00,36215.00,34020.00,34725.00,3.88K,-0.0468
2020-12-17 0:00,34765.00,35185.00,32695.00,33030.00,4.61K,-0.0488
2020-12-18 0:00,33460.00,33995.00,32620.00,33285.00,3.49K,0.0077
2020-12-19 0:00,35800.00,35955.00,35227.50,35335.00,-,0.0616
2020-12-20 0:00,35335.00,35335.00,33312.50,33805.00,-,-0.0433
2020-12-21 0:00,35800.00,35955.00,33315.00,33975.00,7.00K,0.005
2020-12-22 0:00,33800.00,35140.00,33675.00,34700.00,3.87K,0.0213
2020-12-23 0:00,34200.00,34300.00,32040.00,32960.00,5.75K,-0.0501
2020-12-24 0:00,32680.00,33740.00,32295.00,33455.00,2.66K,0.015
2020-12-25 0:00,34600.00,34685.00,34237.50,34317.50,-,0.0258
2020-12-26 0:00,34430.00,34830.00,32600.00,32760.00,3.83K,-0.0454
2020-12-27 0:00,32830.00,33330.00,32150.00,32215.00,3.08K,-0.0166
2020-12-28 0:00,32535.00,33195.00,31515.00,32740.00,3.55K,0.0163
2020-12-29 0:00,32930.00,33180.00,30970.00,31410.00,6.73K,-0.0406
2020-12-30 0:00,31700.00,32205.00,30960.00,31925.00,4.09K,0.0164
2020-12-31 0:00,31770.00,31882.50,31377.50,31740.00,-,-0.0058
2021-01-01 0:00,31760.00,31860.00,30280.00,30690.00,3.95K,-0.0331
2021-01-02 0:00,30680.00,31015.00,29215.00,29715.00,4.34K,-0.0318
2021-01-03 0:00,29625.00,32830.00,29435.00,31620.00,9.99K,0.0641
2021-01-04 0:00,31920.00,32590.00,31680.00,32415.00,3.23K,0.0251
2021-01-05 0:00,32180.00,32930.00,31980.00,32270.00,2.50K,-0.0045
2021-01-06 0:00,34475.00,40580.00,34420.00,39480.00,17.25K,0.2234
2021-01-07 0:00,37090.00,38795.00,36425.00,37890.00,7.58K,-0.0403
2021-01-08 0:00,38340.00,40940.00,38150.00,40370.00,10.48K,0.0655
2021-01-09 0:00,40165.00,40650.00,39290.00,39675.00,6.10K,-0.0172
2021-01-10 0:00,39640.00,40240.00,38455.00,39020.90,0.41K,-0.0165
2021-01-11 0:00,41287.50,41480.00,39470.00,39960.00,-,0.0241
2021-01-12 0:00,41185.00,41500.00,38715.00,39180.00,4.78K,-0.0195
2021-01-13 0:00,39180.00,39830.00,37580.00,37965.00,5.44K,-0.031
2021-01-14 0:00,38265.00,39945.00,37465.00,39840.00,3.67K,0.0494
2021-01-15 0:00,39940.00,41480.00,37300.00,40755.00,6.71K,0.023
2021-01-16 0:00,41095.00,43430.00,39910.00,42970.00,6.63K,0.0543
2021-01-17 0:00,42820.00,44707.50,42820.00,43917.50,-,0.0221
2021-01-18 0:00,44255.00,46520.00,42890.00,46045.00,7.17K,0.0484
2021-01-19 0:00,45760.00,46800.00,44650.00,45495.00,5.33K,-0.0119
2021-01-20 0:00,45755.00,46835.00,45250.00,46455.00,3.45K,0.0211
2021-01-21 0:00,46315.00,46315.00,43780.00,44360.00,5.19K,-0.0451
2021-01-22 0:00,44310.00,48005.00,43830.00,46505.00,3.80K,0.0484
2021-01-23 0:00,46905.00,47330.00,46905.00,47020.00,-,0.0111
2021-01-24 0:00,46905.00,48100.00,45670.00,46095.00,4.13K,-0.0197
2021-01-25 0:00,46000.00,47205.00,44570.00,45520.00,4.39K,-0.0125
2021-01-26 0:00,44795.00,46105.00,44155.00,44855.00,5.15K,-0.0146
2021-01-27 0:00,44530.00,46895.00,43900.00,46700.00,6.21K,0.0411
2021-01-28 0:00,46545.00,49185.00,46370.00,48730.00,5.40K,0.0435
2021-01-29 0:00,48672.50,49557.50,48652.50,49327.50,-,0.0123
2021-01-30 0:00,48815.00,50585.00,48640.00,49280.00,5.96K,-0.001
2021-01-31 0:00,49520.00,49885.00,47735.00,48210.00,5.78K,-0.0217
2021-02-01 0:00,48205.00,49135.00,47065.00,48705.00,6.13K,0.0103
2021-02-02 0:00,48950.00,49345.00,46230.00,46940.00,6.14K,-0.0362
2021-02-03 0:00,47205.00,48210.00,46420.00,47952.00,-,0.0216
2021-02-04 0:00,49197.50,49510.00,48870.00,48877.50,-,0.0193
2021-02-05 0:00,49070.00,49510.00,47460.00,48765.00,3.42K,-0.0023
2021-02-06 0:00,48610.00,48610.00,46695.00,47390.00,4.06K,-0.0282
2021-02-07 0:00,46940.00,49270.00,46530.00,48320.00,4.28K,0.0196
2021-02-08 0:00,48600.00,50570.00,48400.00,49375.00,4.77K,0.0218
2021-02-09 0:00,49900.00,51260.00,48445.00,50710.00,5.12K,0.027
2021-02-10 0:00,51860.00,52140.00,51790.00,51975.00,-,0.0249
2021-02-11 0:00,51975.00,52985.00,51182.50,52857.50,-,0.017
2021-02-12 0:00,51755.00,53125.00,43705.00,46780.00,13.97K,-0.115
2021-02-13 0:00,46590.00,47440.00,44500.00,46520.00,5.68K,-0.0056
2021-02-14 0:00,46250.00,47465.00,45545.00,46645.00,4.05K,0.0027
2021-02-15 0:00,46545.00,47065.00,44750.00,45675.00,4.85K,-0.0208
2021-02-16 0:00,45120.00,46502.50,45025.00,46110.00,-,0.0095
2021-02-17 0:00,45240.00,46945.00,43310.00,44815.00,7.36K,-0.0281
2021-02-18 0:00,45215.00,47025.00,44705.00,46515.00,3.80K,0.0379
2021-02-19 0:00,46700.00,48510.00,46635.00,48190.00,3.08K,0.036
2021-02-20 0:00,48270.00,48600.00,47050.00,47495.00,4.54K,-0.0144
2021-02-21 0:00,47600.00,48225.00,46670.00,47490.00,3.89K,-0.0001
2021-02-22 0:00,46952.50,47612.50,46822.50,47217.50,-,-0.0057
2021-02-23 0:00,47415.00,47620.00,42365.00,43780.00,8.33K,-0.0728
2021-02-24 0:00,43410.00,43870.00,40085.00,42030.00,8.52K,-0.04
2021-02-25 0:00,41330.00,44025.00,40145.00,43385.00,7.83K,0.0322
2021-02-26 0:00,43255.00,44970.00,43095.00,44785.00,5.36K,0.0323
2021-02-27 0:00,44790.00,45115.00,40855.00,42359.40,1.10K,-0.0542
2021-02-28 0:00,43130.00,44207.50,42942.50,43470.00,-,0.0262
2021-03-01 0:00,43635.00,44580.00,42770.00,43150.00,5.22K,-0.0074
2021-03-02 0:00,43215.00,43555.00,41145.00,41600.00,4.67K,-0.0359
2021-03-03 0:00,41890.00,42735.00,40785.00,41155.00,3.69K,-0.0107
2021-03-04 0:00,41240.00,44175.00,41040.00,43615.00,4.87K,0.0598
2021-03-05 0:00,43735.00,48705.00,43330.00,48390.00,9.40K,0.1095
2021-03-06 0:00,48575.00,48690.00,48030.00,48587.50,-,0.0041
2021-03-07 0:00,48070.00,50000.00,47180.00,49855.00,5.87K,0.0261
2021-03-08 0:00,49310.00,52165.00,49100.00,51630.00,8.41K,0.0356
2021-03-09 0:00,52165.00,55935.00,50855.00,55700.00,9.66K,0.0788
2021-03-10 0:00,55580.00,56325.00,53855.00,54470.00,5.32K,-0.0221
2021-03-11 0:00,54925.00,56815.00,54155.00,55180.00,5.06K,0.013
2021-03-12 0:00,54852.50,55445.00,54835.00,55137.50,-,-0.0008
2021-03-13 0:00,55330.00,58355.00,54820.00,57990.00,5.69K,0.0517
2021-03-14 0:00,57700.00,58215.00,54370.00,55815.00,6.69K,-0.0375
2021-03-15 0:00,56350.00,57950.00,54700.00,57750.00,6.94K,0.0347
2021-03-16 0:00,57700.00,59025.00,57190.00,58195.00,6.32K,0.0077
2021-03-17 0:00,58150.00,63525.00,57250.00,62075.00,11.67K,0.0667
2021-03-18 0:00,63012.50,63012.50,60800.00,61890.00,-,-0.003
2021-03-19 0:00,61120.00,63230.00,60100.00,61650.00,10.02K,-0.0039
2021-03-20 0:00,61905.00,64780.00,61730.00,64660.00,15.28K,0.0488
2021-03-21 0:00,64490.00,67680.00,63830.00,66665.00,15.20K,0.031
2021-03-22 0:00,66160.00,66960.00,62140.00,62910.00,15.61K,-0.0563
2021-03-23 0:00,62890.00,63950.00,60210.00,61080.00,10.13K,-0.0291
2021-03-24 0:00,61430.00,61842.50,61430.00,61630.00,-,0.009
2021-03-25 0:00,61080.00,63865.00,60820.00,62725.00,7.18K,0.0178
2021-03-26 0:00,62855.00,63345.00,61810.00,61975.00,7.40K,-0.012
2021-03-27 0:00,61255.00,61450.00,57855.00,59065.00,12.93K,-0.047
2021-03-28 0:00,58790.00,62400.00,57855.00,61335.00,9.72K,0.0384
2021-03-29 0:00,61295.00,62030.00,60220.00,61149.30,0.64K,-0.003
2021-03-30 0:00,62770.00,62772.50,61642.50,61682.50,-,0.0087
2021-03-31 0:00,61687.50,62827.50,59700.00,61149.30,-,-0.0086
2021-04-01 0:00,61010.00,64665.00,60900.00,64015.00,5.24K,0.0469
2021-04-02 0:00,63580.00,63965.00,60945.00,63065.00,5.50K,-0.0148
2021-04-03 0:00,63450.00,63475.00,60860.00,61360.00,5.01K,-0.027
2021-04-04 0:00,61435.00,62865.00,60905.00,61380.00,3.53K,0.0003
2021-04-05 0:00,61135.00,63765.00,61135.00,63765.00,-,0.0389
2021-04-06 0:00,62910.00,67035.00,62905.00,66485.00,6.02K,0.0427
2021-04-07 0:00,66715.00,69000.00,66480.00,67625.00,5.46K,0.0171
2021-04-08 0:00,67670.00,69355.00,63020.00,66075.00,7.71K,-0.0229
2021-04-09 0:00,65210.00,65895.00,64340.00,65055.00,3.91K,-0.0154
2021-04-10 0:00,65400.00,65720.00,62385.00,64235.00,6.90K,-0.0126
2021-04-11 0:00,64195.00,65675.00,64195.00,65675.00,-,0.0224
2021-04-12 0:00,64625.00,66555.00,63415.00,63910.00,5.44K,-0.0269
2021-04-13 0:00,63955.00,64025.00,58515.00,59730.00,9.16K,-0.0654
2021-04-14 0:00,60700.00,60890.00,58475.00,60485.00,6.30K,0.0126
2021-04-15 0:00,59980.00,61035.00,56600.00,58015.00,9.18K,-0.0408
2021-04-16 0:00,56450.00,58410.00,55600.00,57900.00,8.25K,-0.002
2021-04-17 0:00,58515.00,59955.00,58515.00,59435.00,-,0.0265
2021-04-18 0:00,59100.00,59645.00,55585.00,55815.00,11.80K,-0.0609
2021-04-19 0:00,56575.00,57940.00,55375.00,57855.00,9.70K,0.0365
2021-04-20 0:00,57650.00,57765.00,55825.00,57415.00,10.09K,-0.0076
2021-04-21 0:00,57590.00,59910.00,57385.00,59442.50,-,0.0353
2021-04-22 0:00,57000.00,59470.00,53625.00,54465.60,2.82K,-0.0837
2021-04-23 0:00,55385.00,57870.00,55385.00,57770.00,-,0.0607
2021-04-24 0:00,57785.00,59255.00,57095.00,54465.60,-,-0.0572
2021-04-25 0:00,58530.00,59680.00,56145.00,57780.00,7.79K,0.0609
2021-04-26 0:00,57660.00,59545.00,56650.00,56990.00,6.55K,-0.0137
2021-04-27 0:00,57305.00,57705.00,55990.00,57175.00,5.84K,0.0032
2021-04-28 0:00,57030.00,57945.00,51585.00,53545.00,11.18K,-0.0635
2021-04-29 0:00,53652.50,53652.50,49030.00,49360.00,-,-0.0782
2021-04-30 0:00,49265.00,50730.00,47215.00,48960.00,9.34K,-0.0081
2021-05-01 0:00,50745.00,52195.00,50360.00,50600.00,4.99K,0.0335
2021-05-02 0:00,50600.00,51370.00,48645.00,50925.00,4.85K,0.0064
2021-05-03 0:00,50400.00,50940.00,47345.00,47675.00,5.16K,-0.0638
2021-05-04 0:00,47940.00,50265.00,47325.00,48490.00,6.04K,0.0171
2021-05-05 0:00,47950.00,50460.00,47950.00,50130.00,-,0.0338
2021-05-06 0:00,50205.00,50480.00,45700.00,46595.00,6.83K,-0.0705
2021-05-07 0:00,46950.00,48700.00,46295.00,47870.00,5.87K,0.0274
2021-05-08 0:00,48350.00,49605.00,46570.00,49350.00,8.30K,0.0309
2021-05-09 0:00,48940.00,49500.00,47595.00,48010.00,5.53K,-0.0272
2021-05-10 0:00,47870.00,48010.00,45415.00,46250.00,4.53K,-0.0367
2021-05-11 0:00,46877.50,47360.00,46505.00,46590.00,-,0.0074
2021-05-12 0:00,47280.00,47555.00,45515.00,47060.00,4.30K,0.0101
2021-05-13 0:00,46835.00,49390.00,46710.00,48685.00,4.00K,0.0345
2021-05-14 0:00,49280.00,49635.00,48500.00,49045.00,2.81K,0.0074
2021-05-15 0:00,49085.00,51470.00,48035.00,51060.00,4.76K,0.0411
2021-05-16 0:00,50895.00,50895.00,50895.00,50895.00,-,-0.0032
2021-05-17 0:00,50912.50,51142.50,50745.00,50885.00,-,-0.0002
2021-05-18 0:00,51040.00,52200.00,50520.00,51275.00,5.51K,0.0077
2021-05-19 0:00,51025.00,51045.00,47300.00,47755.00,7.87K,-0.0686
2021-05-20 0:00,47585.00,48095.00,46550.00,47370.00,6.91K,-0.0081
2021-05-21 0:00,47230.00,47970.00,45880.00,47170.00,6.48K,-0.0042
2021-05-22 0:00,47055.00,48590.00,46915.00,47977.00,0.49K,0.0171
2021-05-23 0:00,47977.00,47977.00,47977.00,47977.00,-,0
2021-05-24 0:00,46205.00,47650.00,45485.00,46305.00,5.05K,-0.0349
2021-05-25 0:00,46100.00,47100.00,43290.00,43830.00,8.92K,-0.0534
2021-05-26 0:00,43405.00,43720.00,42375.00,43215.00,-,-0.014
2021-05-27 0:00,43130.00,43130.00,40925.00,41870.00,-,-0.0311
